site_id,section_id,course_name,period,term_code,staff_id,grade_level
67_67399_5136980,7651-70,PE I,7,2S,T4021997,0
67_67399_5136971,1 BC-SI-03,1st Grade,1,YR,T4021760,1
67_67399_5136971,1 BC-SI-04,1st Grade,1,YR,T4021688,1
67_67399_5136972,1 CC-SI-34,1st Grade,1,YR,T4021928,1
67_67399_5136972,1 CC-SI-37,1st Grade,1,YR,T4021709,1
67_67399_5136972,1 CC-SI-39,1st Grade,1,YR,T4021689,1
67_67399_5136972,1 CC-SI-40,1st Grade,1,YR,T4021866,1
67_67399_5136973,1 DL-SI-23,1st Grade,1,YR,T4021722,1
67_67399_5136973,1DL-SI-T13,1st Grade,1,YR,T4022006,1
67_67399_5136974,1JN-SI-11,1st Grade,1,YR,T4022031,1
67_67399_5136974,1JN-SI-12,1st Grade,1,YR,T4022016,1
67_67399_5136975,1 KG-SI-03,1st Grade,1,YR,T4021974,1
67_67399_5136975,1 KG-SI-05,1st Grade,1,YR,T4021986,1
67_67399_5136976,1MS-SI-16,1st Grade,1,YR,T4022029,1
67_67399_5136976,1MS-SI-17,1st Grade,1,YR,T4021924,1
67_67399_5136977,1 RD-SI-20,1st Grade,1,YR,T4021935,1
67_67399_5136977,1 RD-SI-21,1st Grade,1,YR,T4021894,1
67_67399_5136977,1 RD-SI-22,1st Grade,1,YR,T4021888,1
67_67399_5136977,1 RD-SI-23,1st Grade,1,YR,T4021914,1
67_67399_5136971,K-1 BC SAI,Specialized.Acad.Instr.,1,YR,T4021837,1
67_67399_5136975,TK-1 KG-SAI,Specialized.Acad.Instr.,1,YR,T4021931,1
67_67399_5136977,TK-1RD SAI,Specialized.Acad.Instr.,1,YR,T4022026,1
67_67399_5136971,2 BC-SI-07,2nd Grade,1,YR,T4021743,2
67_67399_5136971,2 BC-SI-12,2nd Grade,1,YR,T4021773,2
67_67399_5136972,2 CC-SI-30,2nd Grade,1,YR,T4021753,2
67_67399_5136972,2 CC-SI-31,2nd Grade,1,YR,T4021857,2
67_67399_5136972,2 CC-SI-32,2nd Grade,1,YR,T4021862,2
67_67399_5136972,2 CC-SI-35,2nd Grade,1,YR,T4021920,2
67_67399_5136973,2 DL-SI-T5,2nd Grade,1,YR,T4022015,2
67_67399_5136973,2 DL-SI-T7,2nd Grade,1,YR,T4021707,2
67_67399_5136973,2 DL-SI-T8,2nd Grade,1,YR,T4021790,2
67_67399_5136974,2JN-SI-08,2nd Grade,1,YR,T4021704,2
67_67399_5136974,2JN-SI-09,2nd Grade,1,YR,T4021751,2
67_67399_5136974,2JN-SI-19,2nd Grade,1,YR,T4021925,2
67_67399_5136975,2 KG-SI-15,2nd Grade,1,YR,T4022025,2
67_67399_5136975,2 KG-SI-18,2nd Grade,1,YR,T4022014,2
67_67399_5136975,2 KG-SI-20,2nd Grade,1,YR,T4021728,2
67_67399_5136976,2MS-SI-14,2nd Grade,1,YR,T4021963,2
67_67399_5136976,2MS-SI-15,2nd Grade,1,YR,T4021898,2
67_67399_5136977,2 RD-SI-14,2nd Grade,1,YR,T4021746,2
67_67399_5136977,2 RD-SI-18,2nd Grade,1,YR,T4022001,2
67_67399_5136977,2 RD-SI-25,2nd Grade,1,YR,T4022012,2
67_67399_5136972,TK-2 CC-SAI-02,Specialized.Acad.Instr.,1,YR,T4021892,2
67_67399_5136971,3 BC-SI-5,3rd Grade,1,YR,T4022040,3
67_67399_5136971,3 BC-SI-8,3rd Grade,1,YR,T4022045,3
67_67399_5136972,3 CC-SI-18,3rd Grade,1,YR,T4021697,3
67_67399_5136972,3 CC-SI-23,3rd Grade,1,YR,T4022017,3
67_67399_5136972,3 CC-SI-27,3rd Grade,1,YR,T4021738,3
67_67399_5136972,3 CC-SI-28,3rd Grade,1,YR,T4021949,3
67_67399_5136972,3 CC-SI-29,3rd Grade,1,YR,T4021846,3
67_67399_5136973,3 DL-SI-22,3rd Grade,1,YR,T4021678,3
67_67399_5136973,3 DL-SI-23,3rd Grade,1,YR,T4021917,3
67_67399_5136973,3 DL-SI-24,3rd Grade,1,YR,T4022032,3
67_67399_5136974,3JN-SI-03,3rd Grade,1,YR,T4021944,3
67_67399_5136974,3JN-SI-04,3rd Grade,1,YR,T4021706,3
67_67399_5136974,3JN-SI-05,3rd Grade,1,YR,T4021929,3
67_67399_5136974,3JN-SI-07,3rd Grade,1,YR,T4021941,3
67_67399_5136975,3 KG-SI-14,3rd Grade,1,YR,T4021815,3
67_67399_5136975,3 KG-SI-16,3rd Grade,1,YR,T4021670,3
67_67399_5136975,3 KG-SI-17,3rd Grade,1,YR,T4021905,3
67_67399_5136976,03MS-SI-13,3rd Grade,1,YR,T4021787,3
67_67399_5136976,3MS-SI-02,3rd Grade,1,YR,T4021676,3
67_67399_5136977,3 RD-SI-16,3rd Grade,1,YR,T4021937,3
67_67399_5136977,3 RD-SI-17,3rd Grade,1,YR,T4021710,3
67_67399_5136977,3 RD-SI-27,3rd Grade,1,YR,T4022024,3
67_67399_5136972,1-3 CC-SAI-33,Specialized.Acad.Instr.,1,YR,T4021834,3
67_67399_5136973,1-3 DL-SAI-52,Specialized.Acad.Instr.,1,YR,T4021948,3
67_67399_5136976,1-4-MS-SAI,Specialized.Acad.Instr.,1,YR,T4021921,3
67_67399_5136977,2-3 SAI RD,Specialized.Acad.Instr.,1,YR,T4021916,3
67_67399_5136971,4 BC-SI-16,4th Grade,1,YR,T4021682,4
67_67399_5136971,4 BC-SI-22,4th Grade,1,YR,T4021730,4
67_67399_5136972,4 CC-SI-14,4th Grade,1,YR,T4021690,4
67_67399_5136972,4 CC-SI-19,4th Grade,1,YR,T4021999,4
67_67399_5136972,4 CC-SI-20,4th Grade,1,YR,T4021978,4
67_67399_5136972,4 CC-SI-21,4th Grade,1,YR,T4021984,4
67_67399_5136973,4 DL-SI-32,4th Grade,1,YR,T4021945,4
67_67399_5136973,4 DL-SI-33,4th Grade,1,YR,T4021711,4
67_67399_5136973,4 DL-SI-34,4th Grade,1,YR,T4021733,4
67_67399_5136974,4JN-SI-16,4th Grade,1,YR,T4021831,4
67_67399_5136974,4JN-SI-17,4th Grade,1,YR,T4021833,4
67_67399_5136974,4JN-SI-18,4th Grade,1,YR,T4021776,4
67_67399_5136975,4 KG-SI-19,4th Grade,1,YR,T4021973,4
67_67399_5136975,4 KG-SI-21,4th Grade,1,YR,T4021922,4
67_67399_5136976,4MS-SI-05,4th Grade,1,YR,T4021918,4
67_67399_5136976,4MS-SI-06,4th Grade,1,YR,T4021741,4
67_67399_5136977,4 RD-SI-09,4th Grade,1,YR,T4021765,4
67_67399_5136977,4 RD-SI-10,4th Grade,1,YR,T4021817,4
67_67399_5136975,2-4 KG-SAI,Specialized.Acad.Instr.,1,YR,T4021736,4
67_67399_5136971,5-BC-SI-17,5th Grade,1,YR,T4022035,5
67_67399_5136971,5BC-SI-20,5th Grade,1,YR,T4021900,5
67_67399_5136972,5 CC-SI-11,5th Grade,1,YR,T4021829,5
67_67399_5136972,5 CC-SI-12,5th Grade,1,YR,T4021822,5
67_67399_5136972,5 CC-SI-13,5th Grade,1,YR,T4021882,5
67_67399_5136973,5 DL-SI-42,5th Grade,1,YR,T4021715,5
67_67399_5136973,5 DL-SI-43,5th Grade,1,YR,T4021774,5
67_67399_5136973,5 DL-SI-44,5th Grade,1,YR,T4021981,5
67_67399_5136974,5JN-SI-14,5th Grade,1,YR,T4022007,5
67_67399_5136974,5JN-SI-15,5th Grade,1,YR,T4021878,5
67_67399_5136974,5JN-SI-37,5th Grade,1,YR,T4021993,5
67_67399_5136975,5 KG-SI-26,5th Grade,1,YR,T4021943,5
67_67399_5136975,5 KG-SI-27,5th Grade,1,YR,T4021838,5
67_67399_5136976,5MS-SI-11,5th Grade,1,YR,T4021713,5
67_67399_5136976,5MS-SI-12,5th Grade,1,YR,T4021907,5
67_67399_5136977,4/5RD-SI11,4th/5th Grade,1,YR,T4021962,5
67_67399_5136977,5 RD-SI-6,5th Grade,1,YR,T4021824,5
67_67399_5136977,3-5 RD SDC ESN,Specialized.Acad.Instr.,1,YR,T4021938,5
67_67399_5136971,6 BC-SI-18,6th Grade,1,YR,T4021860,6
67_67399_5136971,6 BC-SI-19,6th Grade,1,YR,T4021835,6
67_67399_5136972,6 CC-SI-08,6th Grade,1,YR,T4021859,6
67_67399_5136972,6 CC-SI-09,6th Grade,1,YR,T4022009,6
67_67399_5136972,6 CC-SI-15,6th Grade,1,YR,T4022037,6
67_67399_5136973,6 DL-SI-54,6th Grade,1,YR,T4022011,6
67_67399_5136973,6 DL-SI-55,6th Grade,1,YR,T4021989,6
67_67399_5136973,6 DL-SI-56,6th Grade,1,YR,T4021734,6
67_67399_5136974,6JN-S1-23,6th Grade,1,YR,T4021823,6
67_67399_5136974,6JN-SI-20,6th Grade,1,YR,T4021976,6
67_67399_5136974,6JN-SI-21,6th Grade,1,YR,T4021889,6
67_67399_5136975,6 KG-SI-29,6th Grade,1,YR,T4022027,6
67_67399_5136975,6 KG-SI-31,6th Grade,1,YR,T4021797,6
67_67399_5136976,6MS-SI-09,6th Grade,1,YR,T4021998,6
67_67399_5136976,6MS-SI-10,6th Grade,1,YR,T4021913,6
67_67399_5136977,6 RD-SI-01,6th Grade,1,YR,T4021816,6
67_67399_5136977,6 RD-SI-02,6th Grade,1,YR,T4021934,6
67_67399_5136971,1-3 BC SAI,Specialized.Acad.Instr.,1,YR,T4021791,6
67_67399_5136971,4-6 BC-SAI,Specialized.Acad.Instr.,1,YR,T4021933,6
67_67399_5136972,K-3 CC-SAI-ESN-26,Specialized.Acad.Instr.,1,YR,T4021785,6
67_67399_5136973,4-6 DL-SAI-51,Specialized.Acad.Instr.,1,YR,T4021674,6
67_67399_5136974,4-6JN-SAI-13,Specialized.Acad.Instr.,1,YR,T4021915,6
67_67399_5136974,4-6JN-SAI-22,Specialized.Acad.Instr.,1,YR,T4021804,6
67_67399_5136975,5-6 KG-SAI,Specialized.Acad.Instr.,1,YR,T4021966,6
67_67399_5136976,3-6-MS-SAI,Specialized.Acad.Instr.,1,YR,T4021696,6
67_67399_5136976,4-6-MS-SAI,Specialized.Acad.Instr.,1,YR,T4021848,6
67_67399_5136976,K-1-MS-SAI,Specialized.Acad.Instr.,1,YR,T4021926,6
67_67399_5136976,T-K-MS-SAI,Specialized.Acad.Instr.,1,YR,T4021821,6
67_67399_5136977,4-6 RD SAI,Specialized.Acad.Instr.,1,YR,T4021716,6
67_67399_5136977,5-6 RD SDC ESN,Specialized.Acad.Instr.,1,YR,T4022010,6
67_67399_5136978,0495-06,WORLD HISTORY 7,1,YR,T4021885,7
67_67399_5136978,0495-07,WORLD HISTORY 7,2,YR,T4021885,7
67_67399_5136978,0495-08,WORLD HISTORY 7,3,YR,T4021885,7
67_67399_5136978,0495-09,WORLD HISTORY 7,5,YR,T4021885,7
67_67399_5136978,0495-10,WORLD HISTORY 7,6,YR,T4021885,7
67_67399_5136978,0496-01,WORLD HISTORY 7C,5,YR,T4021796,7
67_67399_5136978,0496-02,WORLD HISTORY 7C,1,YR,T4021796,7
67_67399_5136978,1422-01,LANGUAGE ARTS 7C,1,YR,T4021796,7
67_67399_5136978,1422-02,LANGUAGE ARTS 7C,2,YR,T4021796,7
67_67399_5136978,1422-03,LANGUAGE ARTS 7C,4,YR,T4021796,7
67_67399_5136978,1444-01,LANGUAGE ARTS 7,1,YR,T4021960,7
67_67399_5136978,1444-02,LANGUAGE ARTS 7,3,YR,T4021960,7
67_67399_5136978,1444-03,LANGUAGE ARTS 7,4,YR,T4021960,7
67_67399_5136978,1444-04,LANGUAGE ARTS 7,6,YR,T4021960,7
67_67399_5136978,1444-05,LANGUAGE ARTS 7,1,YR,T4021903,7
67_67399_5136978,1444-06,LANGUAGE ARTS 7,3,YR,T4021903,7
67_67399_5136978,1444-07,LANGUAGE ARTS 7,4,YR,T4021903,7
67_67399_5136978,1444-08,LANGUAGE ARTS 7,5,YR,T4021903,7
67_67399_5136978,1444-09,LANGUAGE ARTS 7,6,YR,T4021912,7
67_67399_5136978,2386-77,ACCELERATED 7TH GRADE,2,YR,T4021718,7
67_67399_5136978,6519-13,MATH 7 CORE,2,YR,T4021687,7
67_67399_5136978,6519-14,MATH 7 CORE,3,YR,T4021687,7
67_67399_5136978,6519-15,MATH 7 CORE,5,YR,T4021687,7
67_67399_5136978,6519-16,MATH 7 CORE,6,YR,T4021687,7
67_67399_5136978,C9104G7-01,LANGUAGE IN CONTENT 7,2,YR,T4022041,7
67_67399_5136978,C9104G7-02,LANGUAGE IN CONTENT 7,3,YR,T4022041,7
67_67399_5136978,C9104G7-03,LANGUAGE IN CONTENT 7,5,YR,T4021897,7
67_67399_5136978,C9104G7-04,LANGUAGE IN CONTENT 7,1,YR,T4022013,7
67_67399_5136978,C9104G7-05,LANGUAGE IN CONTENT 7,1,YR,T4022041,7
67_67399_5136978,C922209-71,STEM 7,4,YR,T4021893,7
67_67399_5136978,C922807-71,INTRO TO CAREERS 7 S1,1,1S,T4021695,7
67_67399_5136978,C922807-72,INTRO TO CAREERS 7 S1,5,1S,T4021695,7
67_67399_5136978,C922808-71,INTRO TO CAREERS 7 S2,1,2S,T4021695,7
67_67399_5136978,C922808-72,INTRO TO CAREERS 7 S2,5,2S,T4021695,7
67_67399_5136978,C929002-01,MUSIC 7,2,YR,T4021761,7
67_67399_5136978,C929002-02,MUSIC 7,6,YR,T4021761,7
67_67399_5136979,0495-01,WORLD HISTORY 7,1,YR,T4021727,7
67_67399_5136979,0495-02,WORLD HISTORY 7,2,YR,T4021727,7
67_67399_5136979,0495-03,WORLD HISTORY 7,4,YR,T4021727,7
67_67399_5136979,0495-04,WORLD HISTORY 7,5,YR,T4021727,7
67_67399_5136979,0495-05,WORLD HISTORY 7,6,YR,T4021727,7
67_67399_5136979,0495-06,WORLD HISTORY 7,1,YR,T4021965,7
67_67399_5136979,0495-07,WORLD HISTORY 7,2,YR,T4021965,7
67_67399_5136979,0495-08,WORLD HISTORY 7,4,YR,T4021965,7
67_67399_5136979,0495-09,WORLD HISTORY 7,5,YR,T4021965,7
67_67399_5136979,0495-10,WORLD HISTORY 7,6,YR,T4021965,7
67_67399_5136979,0496-01,WORLD HISTORY 7C,6,YR,T4021767,7
67_67399_5136979,1422-01,LANGUAGE ARTS 7C,2,YR,T4021737,7
67_67399_5136979,1422-02,LANGUAGE ARTS 7C,6,YR,T4021737,7
67_67399_5136979,1444-01,LANGUAGE ARTS 7,1,YR,T4021996,7
67_67399_5136979,1444-02,LANGUAGE ARTS 7,5,YR,T4021936,7
67_67399_5136979,1444-03,LANGUAGE ARTS 7,6,YR,T4021936,7
67_67399_5136979,1444-04,LANGUAGE ARTS 7,3,YR,T4021972,7
67_67399_5136979,1444-05,LANGUAGE ARTS 7,5,YR,T4021972,7
67_67399_5136979,1444-06,LANGUAGE ARTS 7,6,YR,T4021972,7
67_67399_5136979,1444-90,LANGUAGE ARTS 7,3,YR,T4021936,7
67_67399_5136979,1444-91,LANGUAGE ARTS 7,6,YR,T4021996,7
67_67399_5136979,1444-92,LANGUAGE ARTS 7,2,YR,T4021996,7
67_67399_5136979,2386-77,ACCELERATED 7TH GRADE,5,YR,T4021983,7
67_67399_5136979,3470-F7,SCIENCE 7,5,YR,T4021807,7
67_67399_5136979,5506 SE-92,AVID 7 Excel,3,YR,T4021996,7
67_67399_5136979,5507-90,AVID 7,2,YR,T4021936,7
67_67399_5136979,5507-91,AVID 7,5,YR,T4021996,7
67_67399_5136979,6520-77,MATH 7,4,YR,T4021983,7
67_67399_5136979,7772-78,PE COED 7,3,YR,T4021988,7
67_67399_5136979,C710001-07,FFA 7th,5,YR,T4021807,7
67_67399_5136979,C910002-07,LANGUAGE ARTS 7 ESN,1,YR,T4021744,7
67_67399_5136979,C9104G7-01,LANGUAGE IN CONTENT 7,2,YR,T4022003,7
67_67399_5136979,C9104G7-02,LANGUAGE IN CONTENT 7,5,YR,T4022003,7
67_67399_5136979,C9104G7-03,LANGUAGE IN CONTENT 7,4,YR,T4022003,7
67_67399_5136979,C9104G7-04,LANGUAGE IN CONTENT 7,1,YR,T4021911,7
67_67399_5136979,C9104G7C-1,LANGUAGE IN CONTENT 7C,1,YR,T4021737,7
67_67399_5136979,C9104G7C-2,LANGUAGE IN CONTENT 7C,5,YR,T4021737,7
67_67399_5136979,C917201-07,WORLD HISTORY 7 ESN,5,YR,T4021744,7
67_67399_5136979,C922807-71,INTRO TO CAREERS 7 S1,4,1S,T4021939,7
67_67399_5136979,C922807-72,INTRO TO CAREERS 7 S1,3,1S,T4021939,7
67_67399_5136979,C922808-71,INTRO TO CAREERS 7 S2,4,2S,T4021939,7
67_67399_5136979,C922808-72,INTRO TO CAREERS 7 S2,3,2S,T4021939,7
67_67399_5136979,C924001-07,MATH 7 ESN,2,YR,T4021744,7
67_67399_5136979,C932801-07,SCIENCE 7 ESN,4,YR,T4021744,7
67_67399_5136978,C9100NC-01,ENG LANG ARTS NC,2,YR,T4021903,7
67_67399_5136978,C9104C-01,LANGUAGE IN CONTENT C,1,YR,T4021756,7
67_67399_5136978,C9104NC-03,LANG IN CONTENT NC,4,YR,T4021687,7
67_67399_5136979,C9100NC-77,ENG LANG ARTS NC,2,YR,T4021972,7
67_67399_5136979,C9104NC-77,LANG IN CONTENT NC,1,YR,T4022003,7
67_67399_5136979,C923205-07,INDPT LIVING SKILLS,6,YR,T4021744,7
67_67399_5136979,c9233001-01,MESA,2,YR,T4021994,7
67_67399_5136978,1427-01,LANGUAGE ARTS 8C,1,YR,T4021899,8
67_67399_5136978,1427-02,LANGUAGE ARTS 8C,2,YR,T4021899,8
67_67399_5136978,1427-03,LANGUAGE ARTS 8C,3,YR,T4021899,8
67_67399_5136978,1427-04,LANGUAGE ARTS 8C,4,YR,T4021899,8
67_67399_5136978,1447-01,LANGUAGE ARTS 8,2,YR,T4021681,8
67_67399_5136978,1447-02,LANGUAGE ARTS 8,4,YR,T4021681,8
67_67399_5136978,1447-03,LANGUAGE ARTS 8,5,YR,T4021681,8
67_67399_5136978,1447-04,LANGUAGE ARTS 8,6,YR,T4021681,8
67_67399_5136978,1447-05,LANGUAGE ARTS 8,1,YR,T4021912,8
67_67399_5136978,1447-06,LANGUAGE ARTS 8,4,YR,T4021912,8
67_67399_5136978,1447-07,LANGUAGE ARTS 8,2,YR,T4022043,8
67_67399_5136978,1447-08,LANGUAGE ARTS 8,3,YR,T4022043,8
67_67399_5136978,1447-09,LANGUAGE ARTS 8,5,YR,T4022043,8
67_67399_5136978,1447-10,LANGUAGE ARTS 8,6,YR,T4022043,8
67_67399_5136978,4305-72,STEM 8,4,YR,T4021893,8
67_67399_5136978,4305-81,STEM 8,6,YR,T4021893,8
67_67399_5136978,C9104G8-01,LANGUAGE IN CONTENT 8,1,YR,T4021897,8
67_67399_5136978,C9104G8-02,LANGUAGE IN CONTENT 8,1,YR,T4022043,8
67_67399_5136978,C9104G8-03,LANGUAGE IN CONTENT 8,1,YR,T4022041,8
67_67399_5136978,C9104G8-04,LANGUAGE IN CONTENT 8,1,YR,T4022013,8
67_67399_5136978,C922803-81,INTRO TO CAREERS 8 S1,2,1S,T4021695,8
67_67399_5136978,C922803-82,INTRO TO CAREERS 8 S1,3,1S,T4021695,8
67_67399_5136978,C922803-83,INTRO TO CAREERS 8 S1,4,1S,T4021695,8
67_67399_5136978,C922804-81,INTRO TO CAREERS 8 S2,2,2S,T4021695,8
67_67399_5136978,C922804-82,INTRO TO CAREERS 8 S2,3,2S,T4021695,8
67_67399_5136978,C922804-83,INTRO TO CAREERS 8 S2,4,2S,T4021695,8
67_67399_5136978,C929003-01,MUSIC 8,3,YR,T4021761,8
67_67399_5136978,C929003-02,MUSIC 8,4,YR,T4021761,8
67_67399_5136979,1427-01,LANGUAGE ARTS 8C,1,YR,T4021789,8
67_67399_5136979,1427-02,LANGUAGE ARTS 8C,4,YR,T4021789,8
67_67399_5136979,1447-01,LANGUAGE ARTS 8,1,YR,T4021786,8
67_67399_5136979,1447-02,LANGUAGE ARTS 8,2,YR,T4021683,8
67_67399_5136979,1447-03,LANGUAGE ARTS 8,4,YR,T4021683,8
67_67399_5136979,1447-04,LANGUAGE ARTS 8,5,YR,T4021683,8
67_67399_5136979,1447-05,LANGUAGE ARTS 8,3,YR,T4021683,8
67_67399_5136979,1447-06,LANGUAGE ARTS 8,6,YR,T4021683,8
67_67399_5136979,1447-90,LANGUAGE ARTS 8,5,YR,T4021786,8
67_67399_5136979,1447-91,LANGUAGE ARTS 8,2,YR,T4021786,8
67_67399_5136979,1447-92,LANGUAGE ARTS 8,3,YR,T4021786,8
67_67399_5136979,3480-F8,SCIENCE 8,6,YR,T4021807,8
67_67399_5136979,5505 SE-91,AVID 8 Excel,4,YR,T4021786,8
67_67399_5136979,5508-90,AVID 8,6,YR,T4021994,8
67_67399_5136979,5508-92,AVID 8,1,YR,T4021972,8
67_67399_5136979,C710002-08,FFA 8th,6,YR,T4021807,8
67_67399_5136979,C910003-08,LANGUAGE ARTS 8 ESN,1,YR,T4021744,8
67_67399_5136979,C9104G8-01,LANGUAGE IN CONTENT 8,1,YR,T4021754,8
67_67399_5136979,C9104G8-02,LANGUAGE IN CONTENT 8,5,YR,T4021754,8
67_67399_5136979,C9104G8-03,LANGUAGE IN CONTENT 8,3,YR,T4021754,8
67_67399_5136979,C9104G8-04,LANGUAGE IN CONTENT 8,6,YR,T4021911,8
67_67399_5136979,C9104G8C-01,LANGUAGE IN CONTENT 8C,5,YR,T4021789,8
67_67399_5136979,C9104G8C-2,LANGUAGE IN CONTENT 8C,2,YR,T4021789,8
67_67399_5136979,C917301-08,US HISTORY 8 ESN,5,YR,T4021744,8
67_67399_5136979,C922803-04,INTRO TO CAREERS 8 S1,4,1S,T4021781,8
67_67399_5136979,C922803-05,INTRO TO CAREERS 8 S1,5,1S,T4021781,8
67_67399_5136979,C922804-04,INTRO TO CAREERS 8 S2,4,2S,T4021781,8
67_67399_5136979,C922804-05,INTRO TO CAREERS 8 S2,5,2S,T4021781,8
67_67399_5136979,C924002-08,MATH 8 ESN,2,YR,T4021744,8
67_67399_5136979,C932901-08,SCIENCE 8 ESN,4,YR,T4021744,8
67_67399_5136978,C9104C-02,LANGUAGE IN CONTENT C,4,YR,T4021756,8
67_67399_5136978,C9233001-1,MESA,2,YR,T4021752,8
67_67399_5136978,c929001-01,MUSIC 7/8,1,YR,T4021761,8
67_67399_5136979,7350-78,MARCHING BAND,1,YR,T4021686,8
67_67399_5136979,C9100NC-88,ENG LANG ARTS NC,4,YR,T4021754,8
67_67399_5136979,C9104NC-88,LANG IN CONTENT NC,2,YR,T4021754,8
67_67399_5136979,C923205-08,INDPT LIVING SKILLS,6,YR,T4021744,8
67_67399_5136980,0061-50,ALGEBRA IA,1,1S,T4021820,9
67_67399_5136980,0061-51,ALGEBRA IA,2,1S,T4021820,9
67_67399_5136980,0061-52,ALGEBRA IA,5,1S,T4021820,9
67_67399_5136980,0061-53,ALGEBRA IA,6,1S,T4021820,9
67_67399_5136980,0061-54,ALGEBRA IA,7,1S,T4021820,9
67_67399_5136980,0062-50,ALGEBRA IB,1,2S,T4021820,9
67_67399_5136980,0062-51,ALGEBRA IB,2,2S,T4021820,9
67_67399_5136980,0062-52,ALGEBRA IB,5,2S,T4021820,9
67_67399_5136980,0062-53,ALGEBRA IB,6,2S,T4021820,9
67_67399_5136980,0062-54,ALGEBRA IB,7,2S,T4021820,9
67_67399_5136980,0915-50,ART I,1,1S,T4021792,9
67_67399_5136980,0915-51,ART I,2,1S,T4021792,9
67_67399_5136980,0915-52,ART I,3,1S,T4021792,9
67_67399_5136980,0915-53,ART I,5,1S,T4021792,9
67_67399_5136980,0915-54,ART I,6,1S,T4021792,9
67_67399_5136980,0915-55,ART I,7,1S,T4021792,9
67_67399_5136980,0915-56,ART I,1,2S,T4021792,9
67_67399_5136980,0915-57,ART I,2,2S,T4021792,9
67_67399_5136980,0915-58,ART I,3,2S,T4021792,9
67_67399_5136980,0915-59,ART I,5,2S,T4021792,9
67_67399_5136980,0915-60,ART I,6,2S,T4021792,9
67_67399_5136980,0915-61,ART I,7,2S,T4021792,9
67_67399_5136980,1224-50,HON ENGLISH LIT 1S,3,1S,T4021680,9
67_67399_5136980,1224-51,HON ENGLISH LIT 1S,5,1S,T4022008,9
67_67399_5136980,1224-52,HON ENGLISH LIT 1S,7,1S,T4022008,9
67_67399_5136980,1226-50,HON ENGLISH LIT 2S,3,2S,T4021680,9
67_67399_5136980,1226-51,HON ENGLISH LIT 2S,5,2S,T4022008,9
67_67399_5136980,1226-52,HON ENGLISH LIT 2S,7,2S,T4022008,9
67_67399_5136980,1276-50,HON ENGLISH 9 1S,5,1S,T4021680,9
67_67399_5136980,1276-51,HON ENGLISH 9 1S,6,1S,T4021680,9
67_67399_5136980,1276-52,HON ENGLISH 9 1S,7,1S,T4021680,9
67_67399_5136980,1276-53,HON ENGLISH 9 1S,1,1S,T4022008,9
67_67399_5136980,1276-54,HON ENGLISH 9 1S,2,1S,T4022008,9
67_67399_5136980,1276-55,HON ENGLISH 9 1S,3,1S,T4022008,9
67_67399_5136980,1276-56,HON ENGLISH 9 1S,4,1S,T4022034,9
67_67399_5136980,1280-50,HON ENGLISH 9 2S,5,2S,T4021680,9
67_67399_5136980,1280-51,HON ENGLISH 9 2S,6,2S,T4021680,9
67_67399_5136980,1280-52,HON ENGLISH 9 2S,7,2S,T4021680,9
67_67399_5136980,1280-53,HON ENGLISH 9 2S,1,2S,T4022008,9
67_67399_5136980,1280-54,HON ENGLISH 9 2S,2,2S,T4022008,9
67_67399_5136980,1280-55,HON ENGLISH 9 2S,3,2S,T4022008,9
67_67399_5136980,1280-56,HON ENGLISH 9 2S,4,2S,T4022034,9
67_67399_5136980,2075-50,ALGEBRA I 1S,2,1S,T4021814,9
67_67399_5136980,2075-51,ALGEBRA I 1S,3,1S,T4021814,9
67_67399_5136980,2075-52,ALGEBRA I 1S,1,1S,T4021745,9
67_67399_5136980,2075-53,ALGEBRA I 1S,2,1S,T4021745,9
67_67399_5136980,2075-54,ALGEBRA I 1S,4,1S,T4021979,9
67_67399_5136980,2075-55,ALGEBRA I 1S,6,1S,T4021745,9
67_67399_5136980,2075-56,ALGEBRA I 1S,7,1S,T4021745,9
67_67399_5136980,2075-57,ALGEBRA I 1S,1,1S,T4021794,9
67_67399_5136980,2075-58,ALGEBRA I 1S,4,1S,T4021794,9
67_67399_5136980,2075-59,ALGEBRA I 1S,6,1S,T4021794,9
67_67399_5136980,2075-60,ALGEBRA I 1S,3,1S,T4021979,9
67_67399_5136980,2075-61,ALGEBRA I 1S,6,1S,T4021979,9
67_67399_5136980,2075-62,ALGEBRA I 1S,7,1S,T4021979,9
67_67399_5136980,2075-63,ALGEBRA I 1S,1,1S,T4021863,9
67_67399_5136980,2075-64,ALGEBRA I 1S,2,1S,T4021863,9
67_67399_5136980,2075-65,ALGEBRA I 1S,3,1S,T4021863,9
67_67399_5136980,2075-66,ALGEBRA I 1S,4,1S,T4021863,9
67_67399_5136980,2075-67,ALGEBRA I 1S,7,1S,T4021863,9
67_67399_5136980,2076-50,ALGEBRA I 2S,2,2S,T4021814,9
67_67399_5136980,2076-51,ALGEBRA I 2S,3,2S,T4021814,9
67_67399_5136980,2076-52,ALGEBRA I 2S,1,2S,T4021745,9
67_67399_5136980,2076-53,ALGEBRA I 2S,2,2S,T4021745,9
67_67399_5136980,2076-54,ALGEBRA I 2S,4,2S,T4021979,9
67_67399_5136980,2076-55,ALGEBRA I 2S,6,2S,T4021745,9
67_67399_5136980,2076-56,ALGEBRA I 2S,7,2S,T4021745,9
67_67399_5136980,2076-57,ALGEBRA I 2S,1,2S,T4021794,9
67_67399_5136980,2076-58,ALGEBRA I 2S,4,2S,T4021794,9
67_67399_5136980,2076-59,ALGEBRA I 2S,6,2S,T4021794,9
67_67399_5136980,2076-60,ALGEBRA I 2S,3,2S,T4021979,9
67_67399_5136980,2076-61,ALGEBRA I 2S,6,2S,T4021979,9
67_67399_5136980,2076-62,ALGEBRA I 2S,7,2S,T4021979,9
67_67399_5136980,2076-63,ALGEBRA I 2S,1,2S,T4021863,9
67_67399_5136980,2076-64,ALGEBRA I 2S,2,2S,T4021863,9
67_67399_5136980,2076-65,ALGEBRA I 2S,3,2S,T4021863,9
67_67399_5136980,2076-66,ALGEBRA I 2S,4,2S,T4021863,9
67_67399_5136980,2076-67,ALGEBRA I 2S,7,2S,T4021863,9
67_67399_5136980,2493-50,UNIFIED PE I,6,1S,T4021847,9
67_67399_5136980,2493-51,UNIFIED PE I,6,2S,T4021847,9
67_67399_5136980,3037-50,BIOLOGY A,1,1S,T4021858,9
67_67399_5136980,3037-51,BIOLOGY A,2,1S,T4021858,9
67_67399_5136980,3037-52,BIOLOGY A,3,1S,T4021858,9
67_67399_5136980,3037-53,BIOLOGY A,4,1S,T4021858,9
67_67399_5136980,3037-54,BIOLOGY A,7,1S,T4021858,9
67_67399_5136980,3038-50,BIOLOGY B,1,2S,T4021858,9
67_67399_5136980,3038-51,BIOLOGY B,2,2S,T4021858,9
67_67399_5136980,3038-52,BIOLOGY B,3,2S,T4021858,9
67_67399_5136980,3038-53,BIOLOGY B,4,2S,T4021858,9
67_67399_5136980,3038-54,BIOLOGY B,7,2S,T4021858,9
67_67399_5136980,3064-50,AGRIC BIOLOGY 1S,1,1S,T4021801,9
67_67399_5136980,3064-51,AGRIC BIOLOGY 1S,2,1S,T4021801,9
67_67399_5136980,3064-52,AGRIC BIOLOGY 1S,3,1S,T4021801,9
67_67399_5136980,3064-53,AGRIC BIOLOGY 1S,5,1S,T4021801,9
67_67399_5136980,3064-54,AGRIC BIOLOGY 1S,6,1S,T4021801,9
67_67399_5136980,3068-50,AGRIC BIOLOGY 2S,1,2S,T4021801,9
67_67399_5136980,3068-51,AGRIC BIOLOGY 2S,2,2S,T4021801,9
67_67399_5136980,3068-52,AGRIC BIOLOGY 2S,3,2S,T4021801,9
67_67399_5136980,3068-53,AGRIC BIOLOGY 2S,5,2S,T4021801,9
67_67399_5136980,3068-54,AGRIC BIOLOGY 2S,6,2S,T4021801,9
67_67399_5136980,3896-50,SPANISH III 1S,1,1S,T4021759,9
67_67399_5136980,3896-51,SPANISH III 1S,3,1S,T4021759,9
67_67399_5136980,3896-52,SPANISH III 1S,6,1S,T4021759,9
67_67399_5136980,3896-53,SPANISH III 1S,7,1S,T4021759,9
67_67399_5136980,3897-50,SPANISH III 2S,1,2S,T4021759,9
67_67399_5136980,3897-52,SPANISH III 2S,3,2S,T4021759,9
67_67399_5136980,3897-53,SPANISH III 2S,6,2S,T4021759,9
67_67399_5136980,3897-54,SPANISH III 2S,7,2S,T4021759,9
67_67399_5136980,3898-50,SPANISH IV 1S,2,1S,T4021699,9
67_67399_5136980,3898-51,SPANISH IV 1S,3,1S,T4021699,9
67_67399_5136980,3898-52,SPANISH IV 1S,5,1S,T4021699,9
67_67399_5136980,3898-53,SPANISH IV 1S,7,1S,T4021699,9
67_67399_5136980,3899-50,SPANISH IV 2S,2,2S,T4021699,9
67_67399_5136980,3899-51,SPANISH IV 2S,3,2S,T4021699,9
67_67399_5136980,3899-52,SPANISH IV 2S,5,2S,T4021699,9
67_67399_5136980,3899-53,SPANISH IV 2S,7,2S,T4021699,9
67_67399_5136980,4021-50,SPANISH II 1S,1,1S,T4021832,9
67_67399_5136980,4021-51,SPANISH II 1S,7,1S,T4021832,9
67_67399_5136980,4326-50,SPANISH II 2S,1,2S,T4021832,9
67_67399_5136980,4326-51,SPANISH II 2S,7,2S,T4021832,9
67_67399_5136980,4578-50,ENGLISH 9A,1,1S,T4022004,9
67_67399_5136980,4578-51,ENGLISH 9A,2,1S,T4022004,9
67_67399_5136980,4578-52,ENGLISH 9A,3,1S,T4022004,9
67_67399_5136980,4578-53,ENGLISH 9A,4,1S,T4022004,9
67_67399_5136980,4578-54,ENGLISH 9A,7,1S,T4022004,9
67_67399_5136980,4579-50,ENGLISH 9B,1,2S,T4022004,9
67_67399_5136980,4579-51,ENGLISH 9B,2,2S,T4022004,9
67_67399_5136980,4579-52,ENGLISH 9B,3,2S,T4022004,9
67_67399_5136980,4579-53,ENGLISH 9B,4,2S,T4022004,9
67_67399_5136980,4579-54,ENGLISH 9B,7,2S,T4022004,9
67_67399_5136980,4792-50,SPANISH I 1S,6,1S,T4021699,9
67_67399_5136980,4792-51,SPANISH I 1S,2,1S,T4021759,9
67_67399_5136980,4793-50,SPANISH I 2S,6,2S,T4021699,9
67_67399_5136980,4793-51,SPANISH I 2S,2,2S,T4021759,9
67_67399_5136980,5432-50,BIOLOGY 2S,7,2S,T4021992,9
67_67399_5136980,5432-51,BIOLOGY 2S,1,2S,T4021877,9
67_67399_5136980,5432-52,BIOLOGY 2S,2,2S,T4021877,9
67_67399_5136980,5432-53,BIOLOGY 2S,3,2S,T4021877,9
67_67399_5136980,5432-54,BIOLOGY 2S,4,2S,T4021877,9
67_67399_5136980,5432-55,BIOLOGY 2S,6,2S,T4021877,9
67_67399_5136980,5432-56,BIOLOGY 2S,1,2S,T4021700,9
67_67399_5136980,5432-57,BIOLOGY 2S,3,2S,T4021700,9
67_67399_5136980,5432-58,BIOLOGY 2S,4,2S,T4021700,9
67_67399_5136980,5432-59,BIOLOGY 2S,6,2S,T4021700,9
67_67399_5136980,5432-60,BIOLOGY 2S,7,2S,T4021700,9
67_67399_5136980,5432-61,BIOLOGY 2S,2,2S,T4021775,9
67_67399_5136980,5432-62,BIOLOGY 2S,3,2S,T4021775,9
67_67399_5136980,5432-63,BIOLOGY 2S,5,2S,T4021775,9
67_67399_5136980,5432-64,BIOLOGY 2S,6,2S,T4021775,9
67_67399_5136980,5432-65,BIOLOGY 2S,7,2S,T4021775,9
67_67399_5136980,5980-50,AVID 9,1,1S,T4021946,9
67_67399_5136980,5980-51,AVID 9,2,1S,T4021946,9
67_67399_5136980,5980-52,AVID 9,3,1S,T4021946,9
67_67399_5136980,5980-53,AVID 9,4,1S,T4021946,9
67_67399_5136980,5980-54,AVID 9,7,1S,T4021946,9
67_67399_5136980,5980-55,AVID 9,1,2S,T4021946,9
67_67399_5136980,5980-56,AVID 9,2,2S,T4021946,9
67_67399_5136980,5980-57,AVID 9,3,2S,T4021946,9
67_67399_5136980,5980-58,AVID 9,4,2S,T4021946,9
67_67399_5136980,5980-59,AVID 9,7,2S,T4021946,9
67_67399_5136980,6215-50,BIOLOGY 1S,7,1S,T4021992,9
67_67399_5136980,6215-51,BIOLOGY 1S,1,1S,T4021877,9
67_67399_5136980,6215-52,BIOLOGY 1S,2,1S,T4021877,9
67_67399_5136980,6215-53,BIOLOGY 1S,3,1S,T4021877,9
67_67399_5136980,6215-54,BIOLOGY 1S,4,1S,T4021877,9
67_67399_5136980,6215-55,BIOLOGY 1S,6,1S,T4021877,9
67_67399_5136980,6215-56,BIOLOGY 1S,1,1S,T4021700,9
67_67399_5136980,6215-57,BIOLOGY 1S,3,1S,T4021700,9
67_67399_5136980,6215-58,BIOLOGY 1S,4,1S,T4021700,9
67_67399_5136980,6215-59,BIOLOGY 1S,6,1S,T4021700,9
67_67399_5136980,6215-60,BIOLOGY 1S,7,1S,T4021700,9
67_67399_5136980,6215-61,BIOLOGY 1S,7,1S,T4021775,9
67_67399_5136980,6215-62,BIOLOGY 1S,2,1S,T4021775,9
67_67399_5136980,6215-63,BIOLOGY 1S,3,1S,T4021775,9
67_67399_5136980,6215-64,BIOLOGY 1S,5,1S,T4021775,9
67_67399_5136980,6215-65,BIOLOGY 1S,6,1S,T4021775,9
67_67399_5136980,7383-50,CONCERT BAND BEGINNERS,1,1S,T4021714,9
67_67399_5136980,7383-51,CONCERT BAND BEGINNERS,1,2S,T4021714,9
67_67399_5136980,7500-50,CHOIR 1S,1,1S,T4021672,9
67_67399_5136980,7500-51,CHOIR 1S,2,1S,T4021672,9
67_67399_5136980,7502-50,CHOIR 2S,1,2S,T4021672,9
67_67399_5136980,7641-50,NAVAL SCIENCE I,1,1S,T4021703,9
67_67399_5136980,7641-51,NAVAL SCIENCE I,2,1S,T4021703,9
67_67399_5136980,7641-52,NAVAL SCIENCE I,3,1S,T4021703,9
67_67399_5136980,7641-53,NAVAL SCIENCE I,6,1S,T4021703,9
67_67399_5136980,7641-54,NAVAL SCIENCE I,7,1S,T4021703,9
67_67399_5136980,7641-55,NAVAL SCIENCE I,1,2S,T4021703,9
67_67399_5136980,7641-56,NAVAL SCIENCE I,2,2S,T4021703,9
67_67399_5136980,7641-57,NAVAL SCIENCE I,3,2S,T4021703,9
67_67399_5136980,7641-58,NAVAL SCIENCE I,6,2S,T4021703,9
67_67399_5136980,7641-59,NAVAL SCIENCE I,7,2S,T4021703,9
67_67399_5136980,7651-51,PE I,1,1S,T4021997,9
67_67399_5136980,7651-52,PE I,2,1S,T4021997,9
67_67399_5136980,7651-53,PE I,3,1S,T4021997,9
67_67399_5136980,7651-54,PE I,6,1S,T4021997,9
67_67399_5136980,7651-55,PE I,7,1S,T4021997,9
67_67399_5136980,7651-56,PE I,1,1S,T4021693,9
67_67399_5136980,7651-57,PE I,2,1S,T4021693,9
67_67399_5136980,7651-58,PE I,3,1S,T4021693,9
67_67399_5136980,7651-59,PE I,6,1S,T4021693,9
67_67399_5136980,7651-60,PE I,7,1S,T4021693,9
67_67399_5136980,7651-61,PE I,1,1S,T4021847,9
67_67399_5136980,7651-62,PE I,2,1S,T4021847,9
67_67399_5136980,7651-63,PE I,3,1S,T4021847,9
67_67399_5136980,7651-65,PE I,7,1S,T4021847,9
67_67399_5136980,7651-66,PE I,1,2S,T4021997,9
67_67399_5136980,7651-67,PE I,2,2S,T4021997,9
67_67399_5136980,7651-68,PE I,3,2S,T4021997,9
67_67399_5136980,7651-69,PE I,6,2S,T4021997,9
67_67399_5136980,7651-71,PE I,1,2S,T4021693,9
67_67399_5136980,7651-72,PE I,2,2S,T4021693,9
67_67399_5136980,7651-73,PE I,3,2S,T4021693,9
67_67399_5136980,7651-74,PE I,6,2S,T4021693,9
67_67399_5136980,7651-75,PE I,7,2S,T4021693,9
67_67399_5136980,7651-76,PE I,1,2S,T4021847,9
67_67399_5136980,7651-77,PE I,2,2S,T4021847,9
67_67399_5136980,7651-78,PE I,3,2S,T4021847,9
67_67399_5136980,7651-79,PE I,7,2S,T4021847,9
67_67399_5136980,7702-50,ENGLISH 9 1S,1,1S,T4021680,9
67_67399_5136980,7702-51,ENGLISH 9 1S,3,1S,T4021832,9
67_67399_5136980,7702-52,ENGLISH 9 1S,2,1S,T4021783,9
67_67399_5136980,7702-53,ENGLISH 9 1S,5,1S,T4021783,9
67_67399_5136980,7702-54,ENGLISH 9 1S,6,1S,T4021832,9
67_67399_5136980,7702-55,ENGLISH 9 1S,7,1S,T4021783,9
67_67399_5136980,7702-56,ENGLISH 9 1S,1,1S,T4022034,9
67_67399_5136980,7702-57,ENGLISH 9 1S,2,1S,T4022034,9
67_67399_5136980,7702-58,ENGLISH 9 1S,3,1S,T4022034,9
67_67399_5136980,7702-59,ENGLISH 9 1S,6,1S,T4022034,9
67_67399_5136980,7702-60,ENGLISH 9 1S,5,1S,T4021828,9
67_67399_5136980,7702-61,ENGLISH 9 1S,6,1S,T4021828,9
67_67399_5136980,7702-62,ENGLISH 9 1S,7,1S,T4021828,9
67_67399_5136980,7702-63,ENGLISH 9 1S,4,1S,T4021832,9
67_67399_5136980,7708-50,ENGLISH 9 2S,1,2S,T4021680,9
67_67399_5136980,7708-51,ENGLISH 9 2S,3,2S,T4021832,9
67_67399_5136980,7708-52,ENGLISH 9 2S,2,2S,T4021783,9
67_67399_5136980,7708-53,ENGLISH 9 2S,5,2S,T4021783,9
67_67399_5136980,7708-54,ENGLISH 9 2S,6,2S,T4021832,9
67_67399_5136980,7708-55,ENGLISH 9 2S,7,2S,T4021783,9
67_67399_5136980,7708-56,ENGLISH 9 2S,1,2S,T4022034,9
67_67399_5136980,7708-57,ENGLISH 9 2S,2,2S,T4022034,9
67_67399_5136980,7708-58,ENGLISH 9 2S,3,2S,T4022034,9
67_67399_5136980,7708-59,ENGLISH 9 2S,6,2S,T4022034,9
67_67399_5136980,7708-60,ENGLISH 9 2S,5,2S,T4021828,9
67_67399_5136980,7708-61,ENGLISH 9 2S,6,2S,T4021828,9
67_67399_5136980,7708-62,ENGLISH 9 2S,7,2S,T4021828,9
67_67399_5136980,7708-63,ENGLISH 9 2S,4,2S,T4021832,9
67_67399_5136980,8362-50,ENG LANG ARTS IA,2,1S,T4021828,9
67_67399_5136980,8364-50,ENG LANG ARTS IB,2,2S,T4021828,9
67_67399_5136980,9814-50,GEOMETRY 1S,2,1S,T4021979,9
67_67399_5136980,9814-51,GEOMETRY 1S,4,1S,T4021745,9
67_67399_5136980,9815-50,GEOMETRY 2S,2,2S,T4021979,9
67_67399_5136980,9815-51,GEOMETRY 2S,4,2S,T4021745,9
67_67399_5136980,C700001-50,INTRO TO CAREERS 9 1S,2,1S,T4021853,9
67_67399_5136980,C700001-51,INTRO TO CAREERS 9 1S,3,1S,T4021853,9
67_67399_5136980,C700001-52,INTRO TO CAREERS 9 1S,5,1S,T4021853,9
67_67399_5136980,C700001-53,INTRO TO CAREERS 9 1S,6,1S,T4021853,9
67_67399_5136980,C700001-54,INTRO TO CAREERS 9 1S,7,1S,T4021853,9
67_67399_5136980,C700002-50,INTRO TO CAREERS 9 2S,2,2S,T4021853,9
67_67399_5136980,C700002-51,INTRO TO CAREERS 9 2S,3,2S,T4021853,9
67_67399_5136980,C700002-52,INTRO TO CAREERS 9 2S,5,2S,T4021853,9
67_67399_5136980,C700002-53,INTRO TO CAREERS 9 2S,6,2S,T4021853,9
67_67399_5136980,C700002-54,INTRO TO CAREERS 9 2S,7,2S,T4021853,9
67_67399_5136980,C900001-50,ART I ESN S1,7,1S,T4021717,9
67_67399_5136980,C900002-50,ART I ESN S2,7,2S,T4021717,9
67_67399_5136980,C9104008-50,LANG IN CONTENT IB 1S,3,1S,T4021828,9
67_67399_5136980,C9104009-50,LANG IN CONTENT IB 2S,3,2S,T4021828,9
67_67399_5136980,C910415-50,LANG IN CONTENT 9 1S,3,1S,T4021825,9
67_67399_5136980,C910415-51,LANG IN CONTENT 9 1S,5,1S,T4021825,9
67_67399_5136980,C910415-52,LANG IN CONTENT 9 1S,1,1S,T4021783,9
67_67399_5136980,C910415-53,LANG IN CONTENT 9 1S,1,1S,T4021825,9
67_67399_5136980,C910415-54,LANG IN CONTENT 9 1S,2,1S,T4021825,9
67_67399_5136980,C910415-55,LANG IN CONTENT 9 1S,6,1S,T4021783,9
67_67399_5136980,C910415-56,LANG IN CONTENT 9 1S,7,1S,T4021825,9
67_67399_5136980,C910416-51,LANG IN CONTENT 9 2S,3,2S,T4021825,9
67_67399_5136980,C910416-52,LANG IN CONTENT 9 2S,1,2S,T4021783,9
67_67399_5136980,C910416-53,LANG IN CONTENT 9 2S,1,2S,T4021825,9
67_67399_5136980,C910416-54,LANG IN CONTENT 9 2S,6,2S,T4021783,9
67_67399_5136980,C910416-55,LANG IN CONTENT 9 2S,5,2S,T4021825,9
67_67399_5136980,C910416-56,LANG IN CONTENT 9 2S,7,2S,T4021825,9
67_67399_5136980,C910416-59,LANG IN CONTENT 9 2S,2,2S,T4021825,9
67_67399_5136980,C910429-50,LANG IN CONTENT 9 ESN S1,5,1S,T4021717,9
67_67399_5136980,C910430-50,LANG IN CONTENT 9 ESN S2,5,2S,T4021717,9
67_67399_5136980,C910501-50,ENGLISH 9 ESN S1,1,1S,T4021717,9
67_67399_5136980,C910502-50,ENGLISH 9 ESN S2,1,2S,T4021717,9
67_67399_5136980,C922001-50,GET FOCUSED 1S,1,1S,T4021814,9
67_67399_5136980,C922001-51,GET FOCUSED 1S,4,1S,T4021814,9
67_67399_5136980,C922001-52,GET FOCUSED 1S,3,1S,T4021794,9
67_67399_5136980,C922001-53,GET FOCUSED 1S,7,1S,T4021794,9
67_67399_5136980,C922002-50,GET FOCUSED 2S,1,2S,T4021814,9
67_67399_5136980,C922002-51,GET FOCUSED 2S,4,2S,T4021814,9
67_67399_5136980,C922002-52,GET FOCUSED 2S,3,2S,T4021794,9
67_67399_5136980,C922002-53,GET FOCUSED 2S,7,2S,T4021794,9
67_67399_5136980,C922203-50,STEM I 1S,6,1S,T4021930,9
67_67399_5136980,C922204-50,STEM I 2S,6,2S,T4021930,9
67_67399_5136980,C924501-50,MATH I ESN S1,2,1S,T4021717,9
67_67399_5136980,C924502-50,MATH I ESN S2,2,2S,T4021717,9
67_67399_5136980,C932201-50,LIFE SCIENCE ESN S1,3,1S,T4021717,9
67_67399_5136980,C932202-50,LIFE SCIENCE ESN S2,3,2S,T4021717,9
67_67399_5136980,0215-01,AVID 10,3,1S,T4021864,10
67_67399_5136980,0215-03,AVID 10,1,1S,T4021844,10
67_67399_5136980,0215-04,AVID 10,2,1S,T4021844,10
67_67399_5136980,0215-05,AVID 10,3,2S,T4021864,10
67_67399_5136980,0215-06,AVID 10,1,2S,T4021844,10
67_67399_5136980,0215-07,AVID 10,2,2S,T4021844,10
67_67399_5136980,1284-01,HON ENGLISH 10 1S,6,1S,T4021742,10
67_67399_5136980,1284-02,HON ENGLISH 10 1S,7,1S,T4021742,10
67_67399_5136980,1284-03,HON ENGLISH 10 1S,3,1S,T4021742,10
67_67399_5136980,1284-04,HON ENGLISH 10 1S,5,1S,T4021742,10
67_67399_5136980,1284-05,HON ENGLISH 10 1S,1,1S,T4022018,10
67_67399_5136980,1284-06,HON ENGLISH 10 1S,2,1S,T4022018,10
67_67399_5136980,1286-01,HON ENGLISH 10 2S,3,2S,T4021742,10
67_67399_5136980,1286-03,HON ENGLISH 10 2S,5,2S,T4021742,10
67_67399_5136980,1286-04,HON ENGLISH 10 2S,1,2S,T4022018,10
67_67399_5136980,1286-05,HON ENGLISH 10 2S,2,2S,T4022018,10
67_67399_5136980,1286-06,HON ENGLISH 10 2S,7,2S,T4021742,10
67_67399_5136980,1286-07,HON ENGLISH 10 2S,6,2S,T4021742,10
67_67399_5136980,6683-13,ENGLISH 10 2S,6,2S,T4021731,10
67_67399_5136980,6683-14,ENGLISH 10 2S,7,2S,T4021731,10
67_67399_5136980,C853001-02,INTRO AUTO SERVICES 1S,7,1S,T4021873,10
67_67399_5136980,C853001-03,INTRO AUTO SERVICES 1S,6,1S,T4021873,10
67_67399_5136980,C853002-01,INTRO AUTO SERVICES 2S,6,2S,T4021873,10
67_67399_5136980,C853002-02,INTRO AUTO SERVICES 2S,7,2S,T4021873,10
67_67399_5136980,C910417-01,LANG IN CONTENT 10 1S,1,1S,T4021927,10
67_67399_5136980,C910417-02,LANG IN CONTENT 10 1S,2,1S,T4021927,10
67_67399_5136980,C910417-03,LANG IN CONTENT 10 1S,3,1S,T4021927,10
67_67399_5136980,C910417-04,LANG IN CONTENT 10 1S,4,1S,T4021927,10
67_67399_5136980,C910417-05,LANG IN CONTENT 10 1S,5,1S,T4021867,10
67_67399_5136980,C910417-06,LANG IN CONTENT 10 1S,4,1S,T4021910,10
67_67399_5136980,C910417-07,LANG IN CONTENT 10 1S,6,1S,T4021867,10
67_67399_5136980,C910418-01,LANG IN CONTENT 10 2S,4,2S,T4021910,10
67_67399_5136980,C910418-05,LANG IN CONTENT 10 2S,5,2S,T4021740,10
67_67399_5136980,C910418-07,LANG IN CONTENT 10 2S,1,2S,T4021740,10
67_67399_5136980,C910418-10,LANG IN CONTENT 10 2S,4,2S,T4021927,10
67_67399_5136980,C910418-11,LANG IN CONTENT 10 2S,2,2S,T4021740,10
67_67399_5136980,C910418-12,LANG IN CONTENT 10 2S,6,2S,T4021867,10
67_67399_5136980,C910418-13,LANG IN CONTENT 10 2S,5,2S,T4021867,10
67_67399_5136980,C910418-14,LANG IN CONTENT 10 2S,3,2S,T4021740,10
67_67399_5136981,0005910-33,AVID SENIOR SEMINAR,3,3T,T4021777,10
67_67399_5136981,0218-11,AVID 11,1,1T,T4021740,10
67_67399_5136981,2075-31,ALGEBRA I 1S,3,1T,T4021740,10
67_67399_5136981,2075-41,ALGEBRA I 1S,4,1T,T4021870,10
67_67399_5136981,2076-32,ALGEBRA I 2S,3,2T,T4021740,10
67_67399_5136981,5910-022,AVID SENIOR SEMINAR,3,2T,T4021777,10
67_67399_5136980,0218-01,AVID 11,3,1S,T4021844,11
67_67399_5136980,0218-02,AVID 11,3,2S,T4021844,11
67_67399_5136980,0218-03,AVID 11,5,1S,T4021844,11
67_67399_5136980,0218-04,AVID 11,5,2S,T4021844,11
67_67399_5136980,1726-01,AP US HISTORY 1S,3,1S,T4021705,11
67_67399_5136980,1728-03,AP US HISTORY 2S,3,2S,T4021705,11
67_67399_5136980,9226-20,US HISTORY 1S,3,1S,T4021850,11
67_67399_5136980,C7171002-01,PLANT & SOIL SCIENCE 2S,6,2S,T4021942,11
67_67399_5136980,C7171002-02,PLANT & SOIL SCIENCE 2S,7,2S,T4021942,11
67_67399_5136980,C9104006-01,LANG IN CONTENT 11 1S,2,1S,T4021947,11
67_67399_5136980,C9104006-02,LANG IN CONTENT 11 1S,1,1S,T4021868,11
67_67399_5136980,C9104006-03,LANG IN CONTENT 11 1S,3,1S,T4021868,11
67_67399_5136980,C9104006-04,LANG IN CONTENT 11 1S,4,1S,T4021868,11
67_67399_5136980,C9104006-05,LANG IN CONTENT 11 1S,3,1S,T4021947,11
67_67399_5136980,C9104006-06,LANG IN CONTENT 11 1S,6,1S,T4021868,11
67_67399_5136980,C9104006-07,LANG IN CONTENT 11 1S,7,1S,T4021927,11
67_67399_5136980,C9104007-03,LANG IN CONTENT 11 2S,1,2S,T4021868,11
67_67399_5136980,C9104007-04,LANG IN CONTENT 11 2S,3,2S,T4021868,11
67_67399_5136980,C9104007-05,LANG IN CONTENT 11 2S,4,2S,T4021868,11
67_67399_5136980,C9104007-06,LANG IN CONTENT 11 2S,6,2S,T4021868,11
67_67399_5136980,C9104007-07,LANG IN CONTENT 11 2S,7,2S,T4021740,11
67_67399_5136980,C9104007-12,LANG IN CONTENT 11 2S,2,2S,T4021947,11
67_67399_5136980,C9104007-13,LANG IN CONTENT 11 2S,3,2S,T4021947,11
67_67399_5136980,C910429-01,LANG IN CONTENT 9 ESN S1,5,1S,T4021802,11
67_67399_5136980,C910430-02,LANG IN CONTENT 9 ESN S2,3,2S,T4021802,11
67_67399_5136980,C910501-01,ENGLISH 9 ESN S1,1,1S,T4021802,11
67_67399_5136980,C910502-02,LANG IN CONTENT 9 ESN S2,6,2S,T4021802,11
67_67399_5136980,C910502-03,ENGLISH 9 ESN S2,2,2S,T4021802,11
67_67399_5136980,C910502-04,ENGLISH 9 ESN S2,5,2S,T4021802,11
67_67399_5136980,C913001-01,SPANISH I ESN S1,6,1S,T4021802,11
67_67399_5136980,C923202-01,INDPT LIVING SKILLS I S2,1,2S,T4021802,11
67_67399_5136980,C923202-03,INDPT LIVING SKILLS I S2,1,2S,T4022020,11
67_67399_5136980,C924501-01,MATH I ESN S1,2,1S,T4021802,11
67_67399_5136980,C924502-02,MATH I ESN S2,2,2S,T4022020,11
67_67399_5136980,C924502-03,MATH I ESN S2,5,2S,T4022020,11
67_67399_5136980,C932201-01,LIFE SCIENCE ESN S1,3,1S,T4021802,11
67_67399_5136980,C932202-02,LIFE SCIENCE ESN S2,3,2S,T4022020,11
67_67399_5136980,C932202-03,LIFE SCIENCE ESN S2,6,2S,T4022020,11
67_67399_5136981,0218-04,AVID 11,5,2S,T4021844,11
67_67399_5136981,9226-41,US HISTORY 1S,4,1T,T4021884,11
67_67399_5136980,0008364-04,ENG LANG ARTS IB,1,2S,T4021927,12
67_67399_5136980,0915-01,ART I,1,1S,T4021764,12
67_67399_5136980,0915-02,ART I,2,1S,T4021764,12
67_67399_5136980,0915-03,ART I,3,1S,T4021764,12
67_67399_5136980,0915-04,ART I,6,1S,T4021764,12
67_67399_5136980,0915-10,ART I,1,2S,T4021764,12
67_67399_5136980,0915-11,ART I,2,2S,T4021764,12
67_67399_5136980,0915-12,ART I,3,2S,T4021764,12
67_67399_5136980,0915-13,ART I,6,2S,T4021764,12
67_67399_5136980,0918-01,ART II,7,1S,T4021764,12
67_67399_5136980,0918-02,ART II,7,2S,T4021764,12
67_67399_5136980,1254-01,ENGLISH 12 1S,1,1S,T4021830,12
67_67399_5136980,1254-02,ENGLISH 12 1S,2,1S,T4021830,12
67_67399_5136980,1254-03,ENGLISH 12 1S,3,1S,T4021830,12
67_67399_5136980,1254-04,ENGLISH 12 1S,5,1S,T4021830,12
67_67399_5136980,1254-05,ENGLISH 12 1S,7,1S,T4021830,12
67_67399_5136980,1254-06,ENGLISH 12 1S,1,1S,T4021836,12
67_67399_5136980,1254-07,ENGLISH 12 1S,2,1S,T4021836,12
67_67399_5136980,1254-08,ENGLISH 12 1S,3,1S,T4021836,12
67_67399_5136980,1254-09,ENGLISH 12 1S,5,1S,T4021836,12
67_67399_5136980,1254-11,ENGLISH 12 1S,5,1S,T4021769,12
67_67399_5136980,1254-12,ENGLISH 12 1S,6,1S,T4021872,12
67_67399_5136980,1254-13,ENGLISH 12 1S,5,1S,T4021879,12
67_67399_5136980,1254-14,ENGLISH 12 1S,2,1S,T4021769,12
67_67399_5136980,1254-15,ENGLISH 12 1S,3,1S,T4021872,12
67_67399_5136980,1254-16,ENGLISH 12 1S,6,1S,T4021769,12
67_67399_5136980,1254-17,ENGLISH 12 1S,7,1S,T4021769,12
67_67399_5136980,1254-18,ENGLISH 12 1S,1,1S,T4021769,12
67_67399_5136980,1254-19,ENGLISH 12 1S,6,1S,T4021879,12
67_67399_5136980,1254-20,ENGLISH 12 1S,7,1S,T4021879,12
67_67399_5136980,1256-01,ENGLISH 12 2S,1,2S,T4021830,12
67_67399_5136980,1256-02,ENGLISH 12 2S,2,2S,T4021830,12
67_67399_5136980,1256-03,ENGLISH 12 2S,3,2S,T4021830,12
67_67399_5136980,1256-04,ENGLISH 12 2S,5,2S,T4021830,12
67_67399_5136980,1256-05,ENGLISH 12 2S,1,2S,T4021836,12
67_67399_5136980,1256-06,ENGLISH 12 2S,5,2S,T4021836,12
67_67399_5136980,1256-07,ENGLISH 12 2S,2,2S,T4021836,12
67_67399_5136980,1256-09,ENGLISH 12 2S,3,2S,T4021872,12
67_67399_5136980,1256-10,ENGLISH 12 2S,6,2S,T4021872,12
67_67399_5136980,1256-11,ENGLISH 12 2S,3,2S,T4021836,12
67_67399_5136980,1256-12,ENGLISH 12 2S,1,2S,T4021769,12
67_67399_5136980,1256-13,ENGLISH 12 2S,2,2S,T4021769,12
67_67399_5136980,1256-14,ENGLISH 12 2S,5,2S,T4021769,12
67_67399_5136980,1256-15,ENGLISH 12 2S,6,2S,T4021769,12
67_67399_5136980,1256-16,ENGLISH 12 2S,7,2S,T4021769,12
67_67399_5136980,1256-18,ENGLISH 12 2S,7,2S,T4021830,12
67_67399_5136980,1256-20,ENGLISH 12 2S,5,2S,T4021879,12
67_67399_5136980,1256-21,ENGLISH 12 2S,6,2S,T4021879,12
67_67399_5136980,1256-22,ENGLISH 12 2S,7,2S,T4021879,12
67_67399_5136980,1710-01,AMERICAN GOVT,1,1S,T4021768,12
67_67399_5136980,1710-02,AMERICAN GOVT,3,1S,T4021768,12
67_67399_5136980,1710-03,AMERICAN GOVT,4,1S,T4021768,12
67_67399_5136980,1710-04,AMERICAN GOVT,6,1S,T4021768,12
67_67399_5136980,1710-05,AMERICAN GOVT,7,1S,T4021768,12
67_67399_5136980,1710-06,AMERICAN GOVT,7,1S,T4021691,12
67_67399_5136980,1710-07,AMERICAN GOVT,1,1S,T4021805,12
67_67399_5136980,1710-08,AMERICAN GOVT,2,1S,T4021805,12
67_67399_5136980,1710-09,AMERICAN GOVT,3,1S,T4021805,12
67_67399_5136980,1710-10,AMERICAN GOVT,4,1S,T4021805,12
67_67399_5136980,1710-11,AMERICAN GOVT,1,1S,T4021955,12
67_67399_5136980,1710-12,AMERICAN GOVT,2,1S,T4021932,12
67_67399_5136980,1710-13,AMERICAN GOVT,3,1S,T4021932,12
67_67399_5136980,1710-14,AMERICAN GOVT,4,1S,T4021932,12
67_67399_5136980,1710-15,AMERICAN GOVT,6,1S,T4021932,12
67_67399_5136980,1710-16,AMERICAN GOVT,7,1S,T4021932,12
67_67399_5136980,1710-17,AMERICAN GOVT,1,1S,T4021712,12
67_67399_5136980,1710-18,AMERICAN GOVT,2,1S,T4021712,12
67_67399_5136980,1710-19,AMERICAN GOVT,3,1S,T4021712,12
67_67399_5136980,1710-21,AMERICAN GOVT,4,1S,T4021712,12
67_67399_5136980,1790-01,ECONOMICS,1,2S,T4021768,12
67_67399_5136980,1790-02,ECONOMICS,3,2S,T4021768,12
67_67399_5136980,1790-03,ECONOMICS,4,2S,T4021768,12
67_67399_5136980,1790-04,ECONOMICS,6,2S,T4021768,12
67_67399_5136980,1790-05,ECONOMICS,7,2S,T4021768,12
67_67399_5136980,1790-06,ECONOMICS,1,2S,T4021805,12
67_67399_5136980,1790-07,ECONOMICS,2,2S,T4021805,12
67_67399_5136980,1790-08,ECONOMICS,3,2S,T4021805,12
67_67399_5136980,1790-09,ECONOMICS,4,2S,T4021805,12
67_67399_5136980,1790-10,ECONOMICS,6,2S,T4021805,12
67_67399_5136980,1790-11,ECONOMICS,2,2S,T4021932,12
67_67399_5136980,1790-12,ECONOMICS,3,2S,T4021932,12
67_67399_5136980,1790-13,ECONOMICS,4,2S,T4021932,12
67_67399_5136980,1790-14,ECONOMICS,6,2S,T4021932,12
67_67399_5136980,1790-15,ECONOMICS,7,2S,T4021932,12
67_67399_5136980,1790-16,ECONOMICS,1,2S,T4021712,12
67_67399_5136980,1790-17,ECONOMICS,2,2S,T4021712,12
67_67399_5136980,1790-18,ECONOMICS,1,2S,T4021955,12
67_67399_5136980,1790-19,ECONOMICS,7,2S,T4021691,12
67_67399_5136980,1790-20,ECONOMICS,3,2S,T4021712,12
67_67399_5136980,1790-21,ECONOMICS,4,2S,T4021712,12
67_67399_5136980,1850-01,PSYCHOLOGY,2,1S,T4022042,12
67_67399_5136980,1850-02,PSYCHOLOGY,3,1S,T4022042,12
67_67399_5136980,1850-03,PSYCHOLOGY,4,1S,T4022042,12
67_67399_5136980,1850-04,PSYCHOLOGY,6,1S,T4022042,12
67_67399_5136980,1850-05,PSYCHOLOGY,7,1S,T4022042,12
67_67399_5136980,1850-06,PSYCHOLOGY,1,2S,T4021692,12
67_67399_5136980,1850-07,PSYCHOLOGY,3,2S,T4021692,12
67_67399_5136980,1850-08,PSYCHOLOGY,6,2S,T4021692,12
67_67399_5136980,1850-09,PSYCHOLOGY,7,2S,T4021692,12
67_67399_5136980,1883-01,SOCIOLOGY,1,1S,T4021692,12
67_67399_5136980,1883-02,SOCIOLOGY,3,1S,T4021692,12
67_67399_5136980,1883-03,SOCIOLOGY,6,1S,T4021692,12
67_67399_5136980,1883-04,SOCIOLOGY,7,1S,T4021692,12
67_67399_5136980,1883-06,SOCIOLOGY,2,2S,T4022042,12
67_67399_5136980,1883-07,SOCIOLOGY,3,2S,T4022042,12
67_67399_5136980,1883-08,SOCIOLOGY,4,2S,T4022042,12
67_67399_5136980,1883-09,SOCIOLOGY,6,2S,T4022042,12
67_67399_5136980,1883-10,SOCIOLOGY,7,2S,T4022042,12
67_67399_5136980,2057-13,ALGEBRA II 1S,6,1S,T4021902,12
67_67399_5136980,2057-14,ALGEBRA II 1S,7,1S,T4021902,12
67_67399_5136980,3121-13,CHEMISTRY 1S,4,1S,T4021909,12
67_67399_5136980,3121-14,CHEMISTRY 1S,6,1S,T4021909,12
67_67399_5136980,3121-15,CHEMISTRY 1S,7,1S,T4021909,12
67_67399_5136980,3121-16,CHEMISTRY 1S,1,1S,T4022023,12
67_67399_5136980,3121-17,CHEMISTRY 1S,2,1S,T4022023,12
67_67399_5136980,3121-18,CHEMISTRY 1S,3,1S,T4022023,12
67_67399_5136980,3121-19,CHEMISTRY 1S,6,1S,T4022023,12
67_67399_5136980,3121-20,CHEMISTRY 1S,7,1S,T4022023,12
67_67399_5136980,3123-13,CHEMISTRY 2S,4,2S,T4021909,12
67_67399_5136980,3123-14,CHEMISTRY 2S,6,2S,T4021909,12
67_67399_5136980,3123-15,CHEMISTRY 2S,7,2S,T4021909,12
67_67399_5136980,3123-16,CHEMISTRY 2S,1,2S,T4022023,12
67_67399_5136980,3123-17,CHEMISTRY 2S,2,2S,T4022023,12
67_67399_5136980,3123-18,CHEMISTRY 2S,3,2S,T4022023,12
67_67399_5136980,3123-19,CHEMISTRY 2S,6,2S,T4022023,12
67_67399_5136980,3123-20,CHEMISTRY 2S,7,2S,T4022023,12
67_67399_5136980,3533-13,ALGEBRA II 2S,6,2S,T4021902,12
67_67399_5136980,3533-14,ALGEBRA II 2S,7,2S,T4021902,12
67_67399_5136980,3533-15,ALGEBRA II 2S,1,2S,T4021902,12
67_67399_5136980,5819-13,PE II,3,2S,T4022033,12
67_67399_5136980,5819-14,PE II,6,2S,T4022033,12
67_67399_5136980,5819-15,PE II,7,2S,T4022033,12
67_67399_5136980,5819-20,PE II,1,1S,T4022033,12
67_67399_5136980,5819-21,PE II,2,1S,T4022033,12
67_67399_5136980,5819-22,PE II,3,1S,T4022033,12
67_67399_5136980,5819-23,PE II,6,1S,T4022033,12
67_67399_5136980,5819-24,PE II,7,1S,T4022033,12
67_67399_5136980,5819-25,PE II,1,2S,T4021685,12
67_67399_5136980,5819-26,PE II,2,2S,T4021685,12
67_67399_5136980,5819-27,PE II,3,2S,T4021685,12
67_67399_5136980,5819-28,PE II,6,2S,T4021685,12
67_67399_5136980,5819-29,PE II,7,2S,T4021901,12
67_67399_5136980,5819-30,PE II,1,2S,T4021991,12
67_67399_5136980,5819-31,PE II,2,2S,T4021991,12
67_67399_5136980,5819-32,PE II,3,2S,T4021991,12
67_67399_5136980,5819-33,PE II,6,2S,T4021991,12
67_67399_5136980,5819-34,PE II,7,2S,T4021991,12
67_67399_5136980,5991-13,WORLD HISTORY 1S,3,1S,T4021841,12
67_67399_5136980,5991-14,WORLD HISTORY 1S,4,1S,T4021841,12
67_67399_5136980,5991-15,WORLD HISTORY 1S,6,1S,T4021841,12
67_67399_5136980,5991-16,WORLD HISTORY 1S,1,1S,T4021869,12
67_67399_5136980,5991-17,WORLD HISTORY 1S,7,1S,T4021869,12
67_67399_5136980,5991-19,WORLD HISTORY 1S,7,1S,T4021958,12
67_67399_5136980,5991-20,WORLD HISTORY 1S,4,1S,T4021958,12
67_67399_5136980,5992-13,WORLD HISTORY 2S,3,2S,T4021841,12
67_67399_5136980,5992-14,WORLD HISTORY 2S,4,2S,T4021841,12
67_67399_5136980,5992-15,WORLD HISTORY 2S,6,2S,T4021841,12
67_67399_5136980,5992-16,WORLD HISTORY 2S,1,2S,T4021869,12
67_67399_5136980,5992-17,WORLD HISTORY 2S,7,2S,T4021869,12
67_67399_5136980,5992-19,WORLD HISTORY 2S,7,2S,T4021958,12
67_67399_5136980,5992-20,WORLD HISTORY 2S,4,2S,T4021958,12
67_67399_5136980,6682-13,ENGLISH 10 1S,6,1S,T4021731,12
67_67399_5136980,6682-14,ENGLISH 10 1S,7,1S,T4021731,12
67_67399_5136980,6682-15,ENGLISH 10 1S,5,1S,T4021758,12
67_67399_5136980,6683-15,ENGLISH 10 2S,3,2S,T4021770,12
67_67399_5136980,6683-16,ENGLISH 10 2S,1,2S,T4021758,12
67_67399_5136980,6683-17,ENGLISH 10 2S,3,2S,T4021758,12
67_67399_5136980,6683-18,ENGLISH 10 2S,5,2S,T4021758,12
67_67399_5136980,6683-21,ENGLISH 10 2S,5,2S,T4021770,12
67_67399_5136980,6687-13,ENGLISH 11 1S,5,1S,T4022036,12
67_67399_5136980,6687-14,ENGLISH 11 1S,6,1S,T4022036,12
67_67399_5136980,6687-15,ENGLISH 11 1S,7,1S,T4022036,12
67_67399_5136980,6687-16,ENGLISH 11 1S,2,1S,T4021770,12
67_67399_5136980,6687-17,ENGLISH 11 1S,6,1S,T4021770,12
67_67399_5136980,6687-18,ENGLISH 11 1S,7,1S,T4021770,12
67_67399_5136980,7502-52,CHOIR 2S,2,2S,T4021672,12
67_67399_5136980,7791-13,US HISTORY 2S,7,2S,T4021705,12
67_67399_5136980,7791-14,US HISTORY 2S,1,2S,T4021958,12
67_67399_5136980,7791-15,US HISTORY 2S,3,2S,T4021958,12
67_67399_5136980,7791-17,US HISTORY 2S,6,2S,T4021958,12
67_67399_5136980,7791-20,US HISTORY 2S,1,2S,T4021850,12
67_67399_5136980,7791-21,US HISTORY 2S,3,2S,T4021850,12
67_67399_5136980,7791-22,US HISTORY 2S,4,2S,T4021850,12
67_67399_5136980,7791-23,US HISTORY 2S,6,2S,T4021850,12
67_67399_5136980,7791-24,US HISTORY 2S,7,2S,T4021850,12
67_67399_5136980,8697-13,ENGLISH 11 2S,5,2S,T4022036,12
67_67399_5136980,8697-14,ENGLISH 11 2S,6,2S,T4022036,12
67_67399_5136980,8697-16,ENGLISH 11 2S,7,2S,T4022036,12
67_67399_5136980,8697-17,ENGLISH 11 2S,2,2S,T4021770,12
67_67399_5136980,8697-18,ENGLISH 11 2S,6,2S,T4021770,12
67_67399_5136980,8697-20,ENGLISH 11 2S,7,2S,T4021770,12
67_67399_5136980,9226-13,US HISTORY 1S,1,1S,T4021958,12
67_67399_5136980,9226-14,US HISTORY 1S,3,1S,T4021958,12
67_67399_5136980,9226-15,US HISTORY 1S,4,1S,T4021705,12
67_67399_5136980,9226-16,US HISTORY 1S,6,1S,T4021958,12
67_67399_5136980,9226-17,US HISTORY 1S,4,1S,T4021850,12
67_67399_5136980,9226-18,US HISTORY 1S,6,1S,T4021850,12
67_67399_5136980,9226-19,US HISTORY 1S,7,1S,T4021850,12
67_67399_5136980,9814-13,GEOMETRY 1S,3,1S,T4021987,12
67_67399_5136980,9814-14,GEOMETRY 1S,5,1S,T4021987,12
67_67399_5136980,9814-15,GEOMETRY 1S,6,1S,T4021679,12
67_67399_5136980,9814-16,GEOMETRY 1S,7,1S,T4021987,12
67_67399_5136980,9814-17,GEOMETRY 1S,1,1S,T4021679,12
67_67399_5136980,9814-18,GEOMETRY 1S,2,1S,T4021679,12
67_67399_5136980,9814-20,GEOMETRY 1S,5,1S,T4021679,12
67_67399_5136980,9814-21,GEOMETRY 1S,7,1S,T4021679,12
67_67399_5136980,9814-22,GEOMETRY 1S,1,1S,T4021987,12
67_67399_5136980,9814-23,GEOMETRY 1S,2,1S,T4021827,12
67_67399_5136980,9814-24,GEOMETRY 1S,3,1S,T4021827,12
67_67399_5136980,9814-25,GEOMETRY 1S,6,1S,T4021827,12
67_67399_5136980,9814-26,GEOMETRY 1S,5,1S,T4021827,12
67_67399_5136980,9815-18,GEOMETRY 2S,2,2S,T4021827,12
67_67399_5136980,9815-19,GEOMETRY 2S,3,2S,T4021827,12
67_67399_5136980,9815-20,GEOMETRY 2S,5,2S,T4021827,12
67_67399_5136980,9815-21,GEOMETRY 2S,6,2S,T4021827,12
67_67399_5136980,9815-29,GEOMETRY 2S,1,2S,T4022044,12
67_67399_5136980,9815-30,GEOMETRY 2S,5,2S,T4022044,12
67_67399_5136980,9815-31,GEOMETRY 2S,6,2S,T4022044,12
67_67399_5136980,9815-32,GEOMETRY 2S,7,2S,T4022044,12
67_67399_5136980,9815-33,GEOMETRY 2S,1,2S,T4021679,12
67_67399_5136980,9815-34,GEOMETRY 2S,2,2S,T4021679,12
67_67399_5136980,9815-35,GEOMETRY 2S,5,2S,T4021679,12
67_67399_5136980,9815-36,GEOMETRY 2S,6,2S,T4021679,12
67_67399_5136980,9815-37,GEOMETRY 2S,7,2S,T4021679,12
67_67399_5136980,C713403-01,ADV SUSTAINABLE AGRIC 1S,5,1S,T4021855,12
67_67399_5136980,C713404-01,ADV SUSTAINABLE AGRIC 2S,5,2S,T4021855,12
67_67399_5136980,C7171001-01,PLANT & SOIL SCIENCE 1S,6,1S,T4021942,12
67_67399_5136980,C7171001-02,PLANT & SOIL SCIENCE 1S,7,1S,T4021942,12
67_67399_5136980,C740001-01,INTRO BUSI & FINANCE 1S,1,1S,T4021839,12
67_67399_5136980,C740001-02,INTRO BUSI & FINANCE 1S,2,1S,T4021839,12
67_67399_5136980,C740001-03,INTRO BUSI & FINANCE 1S,3,1S,T4021839,12
67_67399_5136980,C740001-04,INTRO BUSI & FINANCE 1S,5,1S,T4021839,12
67_67399_5136980,C740002-01,INTRO BUSI & FINANCE 2S,1,2S,T4021839,12
67_67399_5136980,C740002-02,INTRO BUSI & FINANCE 2S,2,2S,T4021839,12
67_67399_5136980,C740002-03,INTRO BUSI & FINANCE 2S,3,2S,T4021839,12
67_67399_5136980,C740002-04,INTRO BUSI & FINANCE 2S,5,2S,T4021839,12
67_67399_5136980,C795201-01,ADV PUBLIC COMM HEALTH 1S,3,1S,T4021967,12
67_67399_5136980,C795202-01,ADV PUBLIC COMM HEALTH 2S,3,2S,T4021967,12
67_67399_5136980,C900301-01,AP 2D ART & DESIGN 1S,1,1S,T4021852,12
67_67399_5136980,C900302-01,AP 2D ART & DESIGN 2S,1,2S,T4021852,12
67_67399_5136980,C9104008-01,LANG IN CONTENT IB 1S,2,1S,T4021910,12
67_67399_5136980,C9104008-03,LANG IN CONTENT IB 1S,7,1S,T4021910,12
67_67399_5136980,C9104009-01,LANG IN CONTENT IB 2S,2,2S,T4021927,12
67_67399_5136980,C9104009-03,LANG IN CONTENT IB 2S,2,2S,T4021910,12
67_67399_5136980,C9104009-04,LANG IN CONTENT IB 2S,7,2S,T4021910,12
67_67399_5136980,C9104009-05,LANG IN CONTENT IB 2S,7,2S,T4021927,12
67_67399_5136980,C910801-01,ENGLISH 12 ESN S1,1,1S,T4021788,12
67_67399_5136980,C910802-01,ENGLISH 12 ESN S2,1,2S,T4021788,12
67_67399_5136980,C913001-02,SPANISH I ESN S1,3,1S,T4021788,12
67_67399_5136980,C913002-02,SPANISH I ESN S2,3,2S,T4021788,12
67_67399_5136980,C917401-01,AMERICAN GOVT ESN,5,1S,T4021788,12
67_67399_5136980,C917402-01,ECONOMICS ESN,5,2S,T4021788,12
67_67399_5136980,C922203-51,STEM I 1S,7,1S,T4021930,12
67_67399_5136980,C922204-51,STEM I 2S,7,2S,T4021930,12
67_67399_5136980,C922205-01,STEM II 1S,7,1S,T4021930,12
67_67399_5136980,C922206-01,STEM II 2S,7,2S,T4021930,12
67_67399_5136980,C922401-01,YEARBOOK & PUBLICATION 1S,6,1S,T4021844,12
67_67399_5136980,C922402-01,YEARBOOK & PUBLICATION 2S,6,2S,T4021844,12
67_67399_5136980,C922711-01,AIR COND & REFRIG,2,1S,T4021875,12
67_67399_5136980,C922711-02,AIR COND & REFRIG,2,2S,T4021875,12
67_67399_5136980,C922805-01,CAREER AWARENESS ESN S1,7,1S,T4021788,12
67_67399_5136980,C922806-01,CAREER AWARENESS ESN S2,7,2S,T4021788,12
67_67399_5136980,C924507-01,MATH FOR EVERYDAY LIFE S1,2,1S,T4021788,12
67_67399_5136980,C924508-01,MATH FOR EVERYDAY LIFE S2,2,2S,T4021788,12
67_67399_5136980,C925401-01,MATH FINANCE 1S,1,1S,T4021800,12
67_67399_5136980,C925401-02,MATH FINANCE 1S,2,1S,T4021800,12
67_67399_5136980,C925401-03,MATH FINANCE 1S,3,1S,T4021800,12
67_67399_5136980,C925401-04,MATH FINANCE 1S,5,1S,T4021800,12
67_67399_5136980,C925401-05,MATH FINANCE 1S,6,1S,T4021800,12
67_67399_5136980,C925401-06,MATH FINANCE 1S,7,1S,T4021827,12
67_67399_5136980,C925402-01,MATH FINANCE 2S,1,2S,T4021800,12
67_67399_5136980,C925402-02,MATH FINANCE 2S,2,2S,T4021800,12
67_67399_5136980,C925402-03,MATH FINANCE 2S,3,2S,T4021800,12
67_67399_5136980,C925402-04,MATH FINANCE 2S,5,2S,T4021800,12
67_67399_5136980,C925402-05,MATH FINANCE 2S,6,2S,T4021800,12
67_67399_5136980,C925402-06,MATH FINANCE 2S,7,2S,T4021827,12
67_67399_5136980,C931601-01,PE TEAM SPORTS II,7,1S,T4021685,12
67_67399_5136980,C931601-02,PE TEAM SPORTS II,7,2S,T4021685,12
67_67399_5136980,C934001-03,ENVIRONMENTAL GEOLOGY 1S,3,1S,T4021992,12
67_67399_5136980,C934001-04,ENVIRONMENTAL GEOLOGY 1S,1,1S,T4021930,12
67_67399_5136980,C934001-05,ENVIRONMENTAL GEOLOGY 1S,2,1S,T4021930,12
67_67399_5136980,C934001-06,ENVIRONMENTAL GEOLOGY 1S,3,1S,T4021930,12
67_67399_5136980,C934001-07,ENVIRONMENTAL GEOLOGY 1S,1,1S,T4021780,12
67_67399_5136980,C934001-08,ENVIRONMENTAL GEOLOGY 1S,2,1S,T4021780,12
67_67399_5136980,C934001-10,ENVIRONMENTAL GEOLOGY 1S,6,1S,T4021780,12
67_67399_5136980,C934001-11,ENVIRONMENTAL GEOLOGY 1S,7,1S,T4021780,12
67_67399_5136980,C934001-12,ENVIRONMENTAL GEOLOGY 1S,5,1S,T4021780,12
67_67399_5136980,C934002-01,ENVIRONMENTAL GEOLOGY 2S,1,2S,T4021930,12
67_67399_5136980,C934002-02,ENVIRONMENTAL GEOLOGY 2S,2,2S,T4021930,12
67_67399_5136980,C934002-03,ENVIRONMENTAL GEOLOGY 2S,3,2S,T4021930,12
67_67399_5136980,C934002-04,ENVIRONMENTAL GEOLOGY 2S,1,2S,T4021780,12
67_67399_5136980,C934002-05,ENVIRONMENTAL GEOLOGY 2S,6,2S,T4021780,12
67_67399_5136980,C934002-06,ENVIRONMENTAL GEOLOGY 2S,7,2S,T4021780,12
67_67399_5136980,C934002-07,ENVIRONMENTAL GEOLOGY 2S,3,2S,T4021992,12
67_67399_5136980,C934002-08,ENVIRONMENTAL GEOLOGY 2S,2,2S,T4021780,12
67_67399_5136980,C934002-09,ENVIRONMENTAL GEOLOGY 2S,5,2S,T4021780,12
67_67399_5136981,0005693-23,PASS PROG CYBER HS,2,3T,T4021870,12
67_67399_5136981,005693--33,PASS PROG CYBER HS,3,3T,T4021980,12
67_67399_5136981,005693-134,PASS PROG CYBER HS,1,3T,T4021980,12
67_67399_5136981,005693-135,PASS PROG CYBER HS,1,3T,T4021799,12
67_67399_5136981,005693-136,PASS PROG CYBER HS,1,3T,T4021726,12
67_67399_5136981,005693-137,PASS PROG CYBER HS,1,3T,T4021884,12
67_67399_5136981,005693-234,PASS PROG CYBER HS,2,3T,T4021799,12
67_67399_5136981,005693-236,PASS PROG CYBER HS,2,3T,T4021726,12
67_67399_5136981,005693-337,PASS PROG CYBER HS,3,3T,T4021884,12
67_67399_5136981,005693-434,PASS PROG CYBER HS,4,3T,T4021980,12
67_67399_5136981,005693-435,PASS PROG CYBER HS,4,3T,T4021799,12
67_67399_5136981,005693-436,PASS PROG CYBER HS,4,3T,T4021726,12
67_67399_5136981,005693-437,PASS PROG CYBER HS,4,3T,T4021884,12
67_67399_5136981,005693-534,PASS PROG CYBER HS,5,3T,T4021980,12
67_67399_5136981,005693-536,PASS PROG CYBER HS,5,3T,T4021726,12
67_67399_5136981,005693-537,PASS PROG CYBER HS,5,3T,T4021884,12
67_67399_5136981,05693-1311,PASS PROG CYBER HS,1,3T,T4022019,12
67_67399_5136981,05693-2310,PASS PROG CYBER HS,2,3T,T4021886,12
67_67399_5136981,05693-2311,PASS PROG CYBER HS,2,3T,T4022019,12
67_67399_5136981,05693-3310,PASS PROG CYBER HS,3,3T,T4021886,12
67_67399_5136981,05693-4311,PASS PROG CYBER HS,4,3T,T4022019,12
67_67399_5136981,1254-11,ENGLISH 12 1S,1,1T,T4021799,12
67_67399_5136981,1254-21,ENGLISH 12 1S,2,1T,T4021799,12
67_67399_5136981,1254-31,ENGLISH 12 1S,3,1T,T4021980,12
67_67399_5136981,1254-41,ENGLISH 12 1S,4,1T,T4021980,12
67_67399_5136981,1256-012,ENGLISH 12 2S,1,2T,T4021799,12
67_67399_5136981,1256-05,ENGLISH 12 2S,1,2S,T4021836,12
67_67399_5136981,1256-09,ENGLISH 12 2S,3,2S,T4021872,12
67_67399_5136981,1256-22,ENGLISH 12 2S,2,2T,T4021799,12
67_67399_5136981,1256-32,ENGLISH 12 2S,3,2T,T4021980,12
67_67399_5136981,1256-42,ENGLISH 12 2S,4,2T,T4021980,12
67_67399_5136981,1710-11,AMERICAN GOVT,1,1T,T4021726,12
67_67399_5136981,1710-22,AMERICAN GOVT,2,2T,T4021726,12
67_67399_5136981,1710-41,AMERICAN GOVT,4,1T,T4021726,12
67_67399_5136981,1710-52,AMERICAN GOVT,5,2T,T4021726,12
67_67399_5136981,1790-12,ECONOMICS,1,2T,T4021726,12
67_67399_5136981,1790-15,ECONOMICS,7,2S,T4021932,12
67_67399_5136981,1790-17,ECONOMICS,2,2S,T4021712,12
67_67399_5136981,1790-21,ECONOMICS,2,1T,T4021726,12
67_67399_5136981,1790-42,ECONOMICS,4,2T,T4021726,12
67_67399_5136981,1790-51,ECONOMICS,5,1T,T4021726,12
67_67399_5136981,2076-42,ALGEBRA I 2S,4,2T,T4021870,12
67_67399_5136981,3121-21,CHEMISTRY 1S,2,1T,T4022019,12
67_67399_5136981,3121-41,CHEMISTRY 1S,4,1T,T4022019,12
67_67399_5136981,3123-14,CHEMISTRY 2S,6,2S,T4021909,12
67_67399_5136981,3123-22,CHEMISTRY 2S,2,2T,T4022019,12
67_67399_5136981,3123-42,CHEMISTRY 2S,4,2T,T4022019,12
67_67399_5136981,5693-032,PASS PROG CYBER HS,3,2T,T4021884,12
67_67399_5136981,5693-042,PASS PROG CYBER HS,4,2T,T4021799,12
67_67399_5136981,5693-13,PASS PROG CYBER HS,1,3T,T4021886,12
67_67399_5136981,5693-21,PASS PROG CYBER HS,2,1T,T4021740,12
67_67399_5136981,5693-22,PASS PROG CYBER HS,2,2T,T4021740,12
67_67399_5136981,5693-31,PASS PROG CYBER HS,3,1T,T4022019,12
67_67399_5136981,5693-32,PASS PROG CYBER HS,3,2T,T4022019,12
67_67399_5136981,5693-33,PASS PROG CYBER HS,3,3T,T4022019,12
67_67399_5136981,5693-41,PASS PROG CYBER HS,4,1T,T4021799,12
67_67399_5136981,5693-43,PASS PROG CYBER HS,4,3T,T4021870,12
67_67399_5136981,5693-51,PASS PROG CYBER HS,5,1T,T4021886,12
67_67399_5136981,5693-52,PASS PROG CYBER HS,5,2T,T4021886,12
67_67399_5136981,5693-53,PASS PROG CYBER HS,5,3T,T4021886,12
67_67399_5136981,5793-13,ACELLUS ACADEMY ONLINE,1,3T,T4021771,12
67_67399_5136981,5793-21,ACELLUS ACADEMY ONLINE,2,1T,T4021771,12
67_67399_5136981,5793-22,ACELLUS ACADEMY ONLINE,2,2T,T4021771,12
67_67399_5136981,5793-23,ACELLUS ACADEMY ONLINE,2,3T,T4021771,12
67_67399_5136981,5793-31,ACELLUS ACADEMY ONLINE,3,1T,T4021771,12
67_67399_5136981,5793-32,ACELLUS ACADEMY ONLINE,3,2T,T4021771,12
67_67399_5136981,5793-33,ACELLUS ACADEMY ONLINE,3,3T,T4021771,12
67_67399_5136981,5990-51,PHYSICAL EDUCATION,5,1T,T4021799,12
67_67399_5136981,5990-52,PHYSICAL EDUCATION,5,2T,T4021799,12
67_67399_5136981,5990-53,PHYSICAL EDUCATION,5,3T,T4021799,12
67_67399_5136981,5991-21,WORLD HISTORY 1S,2,1T,T4021886,12
67_67399_5136981,5991-31,WORLD HISTORY 1S,3,1T,T4021886,12
67_67399_5136981,5992-22,WORLD HISTORY 2S,2,2T,T4021886,12
67_67399_5136981,5992-32,WORLD HISTORY 2S,3,2T,T4021886,12
67_67399_5136981,6682-51,ENGLISH 10 1S,5,1T,T4021799,12
67_67399_5136981,6687-51,ENGLISH 11 1S,5,1T,T4021980,12
67_67399_5136981,7791-42,US HISTORY 2S,4,2T,T4021884,12
67_67399_5136981,8697-012,ENGLISH 11 2S,1,2T,T4021980,12
67_67399_5136981,8697-52,ENGLISH 11 2S,5,2T,T4021980,12
67_67399_5136981,9104015-11,LANG IN CONTENT T1,1,1T,T4021777,12
67_67399_5136981,9104015-21,LANG IN CONTENT T1,2,1T,T4021777,12
67_67399_5136981,9104015-31,LANG IN CONTENT T1,3,1T,T4021870,12
67_67399_5136981,9104015-51,LANG IN CONTENT T1,5,1T,T4021870,12
67_67399_5136981,9104016-12,LANG IN CONTENT T2,1,2T,T4021777,12
67_67399_5136981,9104016-13,LANG IN CONTENT T2,1,3T,T4021777,12
67_67399_5136981,9104016-22,LANG IN CONTENT T2,2,2T,T4021777,12
67_67399_5136981,9104016-23,LANG IN CONTENT T2,2,3T,T4021777,12
67_67399_5136981,9104016-32,LANG IN CONTENT T2,3,2T,T4021870,12
67_67399_5136981,9104016-33,LANG IN CONTENT T2,3,3T,T4021870,12
67_67399_5136981,9104016-52,LANG IN CONTENT T2,5,2T,T4021870,12
67_67399_5136981,9104016-53,LANG IN CONTENT T2,5,3T,T4021870,12
67_67399_5136981,9295001-31,MUSIC APPRECIATION T1,3,1T,T4021884,12
67_67399_5136981,9295001-51,MUSIC APPRECIATION T1,5,1T,T4021884,12
67_67399_5136981,9295002-32,MUSIC APPRECIATION T2,3,2T,T4021884,12
67_67399_5136981,9295002-52,MUSIC APPRECIATION T2,5,2T,T4021884,12
67_67399_5136981,9814-21,GEOMETRY 1S,2,1T,T4021870,12
67_67399_5136981,9814-41,GEOMETRY 1S,4,1T,T4021740,12
67_67399_5136981,9815-22,GEOMETRY 2S,2,2T,T4021870,12
67_67399_5136981,9815-42,GEOMETRY 2S,4,2T,T4021740,12
67_67399_5136981,C8410003-21,INTERMEDIATE EMERGENCY RESP,2,1T,T4022002,12
67_67399_5136981,C8410003-31,INTERMEDIATE EMERGENCY RESP,3,1T,T4022002,12
67_67399_5136981,C8410003-41,INTERMEDIATE EMERGENCY RESP,4,1T,T4022002,12
67_67399_5136981,C8410003-51,INTERMEDIATE EMERGENCY RESP,5,1T,T4022002,12
67_67399_5136981,C8421003-22,INTERMEDIATE EMERGENCY RESP,2,2T,T4022002,12
67_67399_5136981,C8421003-23,INTERMEDIATE EMERGENCY RESP,2,3T,T4022002,12
67_67399_5136981,C8421003-32,INTERMEDIATE EMERGENCY RESP,3,2T,T4022002,12
67_67399_5136981,C8421003-33,INTERMEDIATE EMERGENCY RESP,3,3T,T4022002,12
67_67399_5136981,C8421003-42,INTERMEDIATE EMERGENCY RESP,4,2T,T4022002,12
67_67399_5136981,C8421003-43,INTERMEDIATE EMERGENCY RESP,4,3T,T4022002,12
67_67399_5136981,C8421003-52,INTERMEDIATE EMERGENCY RESP,5,2T,T4022002,12
67_67399_5136981,C8421003-53,INTERMEDIATE EMERGENCY RESP,5,3T,T4022002,12
67_67399_5136981,C925402-05,MATH FINANCE 2S,6,2S,T4021800,12
67_67399_5136981,C925402-06,MATH FINANCE 2S,7,2S,T4021827,12
67_67399_5136971,K BC-SI-1,Kindergarten,1,YR,T4021887,KN
67_67399_5136971,K BC-SI-2,Kindergarten,1,YR,T4021876,KN
67_67399_5136972,K CC-SI-03,Kindergarten,1,YR,T4021956,KN
67_67399_5136972,K CC-SI-04,Kindergarten,1,YR,T4021982,KN
67_67399_5136972,K CC-SI-05,Kindergarten,1,YR,T4021968,KN
67_67399_5136973,K DL-DI-K1,Kindergarten,1,YR,T4021977,KN
67_67399_5136973,K DL-DI-K4,Kindergarten,1,YR,T4021723,KN
67_67399_5136973,K DL-SI-12,Kindergarten,1,YR,T4021906,KN
67_67399_5136974,KJN-SI-01,Kindergarten,1,YR,T4021725,KN
67_67399_5136974,KJN-SI-02,Kindergarten,1,YR,T4021881,KN
67_67399_5136974,KJN-SI-40,Kindergarten,1,YR,T4021803,KN
67_67399_5136975,0K KG-SI-A,Kindergarten,1,YR,T4021861,KN
67_67399_5136975,0K KG-SI-B,Kindergarten,1,YR,T4022028,KN
67_67399_5136976,K-MS-SI-A,Kindergarten,1,YR,T4021694,KN
67_67399_5136977,K RD-SI-K1,Kindergarten,1,YR,T4021818,KN
67_67399_5136977,K RD-SI-K4,Kindergarten,1,YR,T4021891,KN
67_67399_5136977,K RD-SI-K5,Kindergarten,1,YR,T4021840,KN
67_67399_5136972,T CC-SI-01,Transitional Kinder,1,YR,T4021959,TK
67_67399_5136972,T CC-SI-06,Transitional Kinder,1,YR,T4021739,TK
67_67399_5136973,T DL-DI-K2,Transitional Kinder,1,YR,T4021778,TK
67_67399_5136974,TKJN-SI-06,Transitional Kinder,1,YR,T4021813,TK
67_67399_5136975,T KG-SI-D,Transitional Kinder,1,YR,T4021874,TK
67_67399_5136976,T-MS-SI-19,Transitional Kinder,1,YR,T4021755,TK
67_67399_5136977,TKRD-SI-K2,Transitional Kinder,1,YR,T4021969,TK