site_id,employee_id,first_name,middle_name,last_name,email
67_67399_5136971,T4021682,Alma,Leticia,Gonzalez,alma.gonzalez@mail.org
67_67399_5136971,T4021688,Ana,Maria,Jackson,ana.jackson@mail.org
67_67399_5136971,T4021730,Celestina,Clara,Stewart,celestina.stewart@mail.org
67_67399_5136971,T4021743,Consuelo,,Kelly,consuelo.kelly@mail.org
67_67399_5136971,T4021760,Donna,Lizette,Price,donna.price@mail.org
67_67399_5136971,T4021773,Elizabeth,,Alvarado,elizabeth.alvarado@mail.org
67_67399_5136971,T4021791,Fernanda,,Mayorga,fernanda.mayorga@mail.org
67_67399_5136971,T4021835,Jenice,Annette,Pliego,jenice.pliego@mail.org
67_67399_5136971,T4021837,Jessica,,Fuentes,jessica.fuentes@mail.org
67_67399_5136971,T4021860,Juan,Carlos,Mejia,juan.mejia@mail.org
67_67399_5136971,T4021876,Kimberly,Elisa,Chang,kimberly.chang@mail.org
67_67399_5136971,T4021883,layla,Artemisa,Hurych,layla.hurych@mail.org
67_67399_5136971,T4021887,Leticia,,Munoz,leticia.munoz@mail.org
67_67399_5136971,T4021900,Lorena,,Castro,lorena.castro@mail.org
67_67399_5136971,T4021933,Marivel,,Rubio,marivel.rubio@mail.org
67_67399_5136971,T4022005,Sandra,Luz,Carmona,sandra.carmona@mail.org
67_67399_5136971,T4022035,Victoria,,Edwards,victoria.edwards@mail.org
67_67399_5136971,T4022040,Yolanda,,Espinoza,yolanda.espinoza@mail.org
67_67399_5136971,T4022045,Yvonne,,Felix,yvonne.felix@mail.org
67_67399_5136972,T4021689,Ana,,Martin,ana.martin@mail.org
67_67399_5136972,T4021690,Andrea,,Lee,andrea.lee@mail.org
67_67399_5136972,T4021697,Angie,,Ramirez,angie.ramirez@mail.org
67_67399_5136972,T4021709,Bibiana,,Flores,bibiana.flores@mail.org
67_67399_5136972,T4021738,Clarissa,,Morgan,clarissa.morgan@mail.org
67_67399_5136972,T4021739,Claudia,Dennise,Cooper,claudia.cooper@mail.org
67_67399_5136972,T4021741,Claudia,Lopez,Bailey,claudia.bailey@mail.org
67_67399_5136972,T4021753,Delia,Maglaya,Wood,delia.wood@mail.org
67_67399_5136972,T4021766,Eduardo,,Long,eduardo.long@mail.org
67_67399_5136972,T4021785,Etna,,Reyes,etna.reyes@mail.org
67_67399_5136972,T4021798,Francisco,,Landrum,francisco.landrum@mail.org
67_67399_5136972,T4021822,Irma,,Lowrie,irma.lowrie@mail.org
67_67399_5136972,T4021829,Janet,,Haro,janet.haro@mail.org
67_67399_5136972,T4021834,Jeannette,Louise,Valenzuela,jeannette.valenzuela@mail.org
67_67399_5136972,T4021846,John,,Lugo,john.lugo@mail.org
67_67399_5136972,T4021857,Juan,,Leon Ruiz,juan.leon ruiz@mail.org
67_67399_5136972,T4021859,Juan,Carlos,Hirales,juan.hirales@mail.org
67_67399_5136972,T4021862,Julia,Susana,Bernal,julia.bernal@mail.org
67_67399_5136972,T4021892,Liliana,,Solis,liliana.solis@mail.org
67_67399_5136972,T4021898,Livier,,Villarreal,livier.villarreal@mail.org
67_67399_5136972,T4021920,Maria,Dolores,Kaste,maria.kaste@mail.org
67_67399_5136972,T4021924,Maricela,,Bermudez,maricela.bermudez@mail.org
67_67399_5136972,T4021926,Mariel,,Campos,mariel.campos@mail.org
67_67399_5136972,T4021928,Marina,,Acuna,marina.acuna@mail.org
67_67399_5136972,T4021946,Melissa,,Moreno,melissa.moreno@mail.org
67_67399_5136972,T4021949,Mercedes,Leticia,Carmona,mercedes.carmona@mail.org
67_67399_5136972,T4021956,mila,,Espino,mila.espino@mail.org
67_67399_5136972,T4021957,Mirna,,Gentry,mirna.gentry@mail.org
67_67399_5136972,T4021959,Monica,,Esquer,monica.esquer@mail.org
67_67399_5136972,T4021968,Norma,,Loreto,norma.loreto@mail.org
67_67399_5136972,T4021978,Patricia,,Arredondo,patricia.arredondo@mail.org
67_67399_5136972,T4021982,Priscilla,Darlene,Badillo,priscilla.badillo@mail.org
67_67399_5136972,T4021984,Raul,,Baker,raul.baker@mail.org
67_67399_5136972,T4022009,Silvia,,Castro,silvia.castro@mail.org
67_67399_5136972,T4022017,Susana,,Clark,susana.clark@mail.org
67_67399_5136972,T4022037,Xavier,,Escutia,xavier.escutia@mail.org
67_67399_5136973,T4021674,Adriana,Olivia,Jones,adriana.jones@mail.org
67_67399_5136973,T4021678,Alexa,Yvonne,Rodriguez,alexa.rodriguez@mail.org
67_67399_5136973,T4021707,Beatriz,,Nguyen,beatriz.nguyen@mail.org
67_67399_5136973,T4021711,Brenda,,Adams,brenda.adams@mail.org
67_67399_5136973,T4021715,Carlos,,Rivera,carlos.rivera@mail.org
67_67399_5136973,T4021722,Carmen,,Evans,carmen.evans@mail.org
67_67399_5136973,T4021723,Carmen,Fabiola,Turner,carmen.turner@mail.org
67_67399_5136973,T4021733,Chloe,,Murphy,chloe.murphy@mail.org
67_67399_5136973,T4021734,Christian,Javier,Cook,christian.cook@mail.org
67_67399_5136973,T4021774,ella,,Camarillo,ella.camarillo@mail.org
67_67399_5136973,T4021778,emilia,,Carrillo,emilia.carrillo@mail.org
67_67399_5136973,T4021790,Faviola,,Lizarraga,faviola.lizarraga@mail.org
67_67399_5136973,T4021906,Lupe,,Peralta,lupe.peralta@mail.org
67_67399_5136973,T4021917,Margie,,Pantaleon,margie.pantaleon@mail.org
67_67399_5136973,T4021945,Mayra,Alejandra,Figueroa,mayra.figueroa@mail.org
67_67399_5136973,T4021948,Melissa,Marie,Robledo,melissa.robledo@mail.org
67_67399_5136973,T4021977,Patricia,,Armenta,patricia.armenta@mail.org
67_67399_5136973,T4021981,Prisca,,Ayala,prisca.ayala@mail.org
67_67399_5136973,T4021989,Richard,Louis,Beltran,richard.beltran@mail.org
67_67399_5136973,T4021999,Roswen,,Brown,roswen.brown@mail.org
67_67399_5136973,T4022006,Scarlett,,Carrillo,scarlett.carrillo@mail.org
67_67399_5136973,T4022011,Sondra,Louise,Cerros,sondra.cerros@mail.org
67_67399_5136973,T4022015,Sugey,,Chavez,sugey.chavez@mail.org
67_67399_5136973,T4022032,Veronica,,Dominguez,veronica.dominguez@mail.org
67_67399_5136974,T4021696,Angelina,,Clark,angelina.clark@mail.org
67_67399_5136974,T4021704,Arturo,,Wright,arturo.wright@mail.org
67_67399_5136974,T4021706,avery,Antonieta,Torres,avery.torres@mail.org
67_67399_5136974,T4021725,Carolina,,Parker,carolina.parker@mail.org
67_67399_5136974,T4021751,Deborah,Joyce,Brooks,deborah.brooks@mail.org
67_67399_5136974,T4021772,Elizabeth,,Granados,elizabeth.granados@mail.org
67_67399_5136974,T4021776,Elsa,,Jaime,elsa.jaime@mail.org
67_67399_5136974,T4021784,Erika,,Sandoval,erika.sandoval@mail.org
67_67399_5136974,T4021803,Gabriela,,Arevalo,gabriela.arevalo@mail.org
67_67399_5136974,T4021804,Gabriela,,Munguia,gabriela.munguia@mail.org
67_67399_5136974,T4021813,Guadalupe,,Macias,guadalupe.macias@mail.org
67_67399_5136974,T4021823,Isela,,Verduzco,isela.verduzco@mail.org
67_67399_5136974,T4021831,Jayden,,Pereda,jayden.pereda@mail.org
67_67399_5136974,T4021833,Jeanette,,Solorzano,jeanette.solorzano@mail.org
67_67399_5136974,T4021878,Kristina,Alvarado,Magallanes,kristina.magallanes@mail.org
67_67399_5136974,T4021881,Laura,,Loza,laura.loza@mail.org
67_67399_5136974,T4021882,layla,Michelle,Fisher,layla.fisher@mail.org
67_67399_5136974,T4021889,Leyda,Illiana,Paramo,leyda.paramo@mail.org
67_67399_5136974,T4021915,Marcela,,Hale,marcela.hale@mail.org
67_67399_5136974,T4021925,Maricela,,Gamboa,maricela.gamboa@mail.org
67_67399_5136974,T4021929,Marina,,Zamores,marina.zamores@mail.org
67_67399_5136974,T4021941,Maura,Graciela,Aguilera,maura.aguilera@mail.org
67_67399_5136974,T4021976,Patricia,,Arevalo,patricia.arevalo@mail.org
67_67399_5136974,T4021993,Rocio,,Bernal,rocio.bernal@mail.org
67_67399_5136974,T4022007,Sergio,,Carter,sergio.carter@mail.org
67_67399_5136974,T4022016,Susan,,Chew,susan.chew@mail.org
67_67399_5136974,T4022031,Veronica,,Diaz,veronica.diaz@mail.org
67_67399_5136974,T4022046,Zaira,Rubi,Figueroa,zaira.figueroa@mail.org
67_67399_5136975,T4021670,Abigail,,Smith,abigail.smith@mail.org
67_67399_5136975,T4021728,Maritza,,Collins,maritza.collins@mail.org
67_67399_5136975,T4021797,Francisco,,Wong,francisco.wong@mail.org
67_67399_5136975,T4021806,Gema,Denise,Calles,gema.calles@mail.org
67_67399_5136975,T4021815,Hector,,Romo,hector.romo@mail.org
67_67399_5136975,T4021838,Jesus,,Osuna,jesus.osuna@mail.org
67_67399_5136975,T4021843,Joaira,Escutia,Quevedo,joaira.quevedo@mail.org
67_67399_5136975,T4021861,Judy,,Rangel,judy.rangel@mail.org
67_67399_5136975,T4021874,Kenia,,Sandigo,kenia.sandigo@mail.org
67_67399_5136975,T4021905,luna,,Porchas,luna.porchas@mail.org
67_67399_5136975,T4021922,Maliah,,Galvan,maliah.galvan@mail.org
67_67399_5136975,T4021943,Mayra,,Guzman,mayra.guzman@mail.org
67_67399_5136975,T4021966,Nohemi,,Gomez,nohemi.gomez@mail.org
67_67399_5136975,T4021973,Pamela,,Anderson,pamela.anderson@mail.org
67_67399_5136975,T4021974,Paola,,Arce,paola.arce@mail.org
67_67399_5136975,T4021986,Regina,,Barrios,regina.barrios@mail.org
67_67399_5136975,T4022025,Valentina,,Cox,valentina.cox@mail.org
67_67399_5136975,T4022027,Vanessa,,Davies,vanessa.davies@mail.org
67_67399_5136975,T4022028,Veronica,,Davila,veronica.davila@mail.org
67_67399_5136976,T4021676,Alejandrina,,Miller,alejandrina.miller@mail.org
67_67399_5136976,T4021684,Alysa,,Anderson,alysa.anderson@mail.org
67_67399_5136976,T4021694,Anel,,Harris,anel.harris@mail.org
67_67399_5136976,T4021713,Carissa,,Baker,carissa.baker@mail.org
67_67399_5136976,T4021736,Cindy,,Gutierrez,cindy.gutierrez@mail.org
67_67399_5136976,T4021755,Diana,Gabriela,Bennett,diana.bennett@mail.org
67_67399_5136976,T4021787,Eva,Lucia,Arellano,eva.arellano@mail.org
67_67399_5136976,T4021821,Irish,April,Meza,irish.meza@mail.org
67_67399_5136976,T4021848,Jordana,Elizabeth,Mavity,jordana.mavity@mail.org
67_67399_5136976,T4021849,Jorge,,Lozano,jorge.lozano@mail.org
67_67399_5136976,T4021866,Karina,,Sesma,karina.sesma@mail.org
67_67399_5136976,T4021907,Lupita,,Medrano,lupita.medrano@mail.org
67_67399_5136976,T4021913,Magdalena,,Corona,magdalena.corona@mail.org
67_67399_5136976,T4021918,Maria,,Arce,maria.arce@mail.org
67_67399_5136976,T4021921,Maria,,Polenz,maria.polenz@mail.org
67_67399_5136976,T4021931,Marisa,Georgina,Soberanes,marisa.soberanes@mail.org
67_67399_5136976,T4021938,Mary Louise,,Izaguirre,mary louise.izaguirre@mail.org
67_67399_5136976,T4021940,Matthew,David,Fimbres,matthew.fimbres@mail.org
67_67399_5136976,T4021963,Nelida,,Palacios,nelida.palacios@mail.org
67_67399_5136976,T4021964,Nelly,,Poiriez,nelly.poiriez@mail.org
67_67399_5136976,T4021998,Rosio,,Brooks,rosio.brooks@mail.org
67_67399_5136976,T4022029,Veronica,,Davis,veronica.davis@mail.org
67_67399_5136976,T4022030,Veronica,,Delgado,veronica.delgado@mail.org
67_67399_5136977,T4021671,Abril,Aracely,Johnson,abril.johnson@mail.org
67_67399_5136977,T4021710,Blary,,Green,blary.green@mail.org
67_67399_5136977,T4021716,Carlos,Manuel,Campbell,carlos.campbell@mail.org
67_67399_5136977,T4021746,Daniel,,Kim,daniel.kim@mail.org
67_67399_5136977,T4021765,Edgar,,Myers,edgar.myers@mail.org
67_67399_5136977,T4021816,Heidi,,Magana,heidi.magana@mail.org
67_67399_5136977,T4021817,Henry,,Bautista,henry.bautista@mail.org
67_67399_5136977,T4021818,Herminia,,Dreesen,herminia.dreesen@mail.org
67_67399_5136977,T4021824,Ivan,Vasquez,Romero,ivan.romero@mail.org
67_67399_5136977,T4021840,Jesus,,Razo,jesus.razo@mail.org
67_67399_5136977,T4021888,Leticia,Maria,Badillo,leticia.badillo@mail.org
67_67399_5136977,T4021891,Lilia,,Velasquez,lilia.velasquez@mail.org
67_67399_5136977,T4021894,Liliana,,Raygoza,liliana.raygoza@mail.org
67_67399_5136977,T4021914,Marcela,,Montanez,marcela.montanez@mail.org
67_67399_5136977,T4021916,Marco,Antonio,Guillen,marco.guillen@mail.org
67_67399_5136977,T4021934,Marshall,,Avina,marshall.avina@mail.org
67_67399_5136977,T4021935,Martha,,Melendez,martha.melendez@mail.org
67_67399_5136977,T4021937,Mary,Lou,Bejarano,mary.bejarano@mail.org
67_67399_5136977,T4021944,Mayra,,Bowen,mayra.bowen@mail.org
67_67399_5136977,T4021950,Micah,Jose,Felix,micah.felix@mail.org
67_67399_5136977,T4021961,Myrna,,Pina,myrna.pina@mail.org
67_67399_5136977,T4021962,naomi,Cecilia,Leos,naomi.leos@mail.org
67_67399_5136977,T4021969,Octavio,,Kaiten,octavio.kaiten@mail.org
67_67399_5136977,T4022001,Ruth,,Camacho,ruth.camacho@mail.org
67_67399_5136977,T4022010,Silvia,,Centeno,silvia.centeno@mail.org
67_67399_5136977,T4022012,Sonia,,Cervantes,sonia.cervantes@mail.org
67_67399_5136977,T4022014,sophie,,Chang,sophie.chang@mail.org
67_67399_5136977,T4022024,Uriel,,Cota,uriel.cota@mail.org
67_67399_5136977,T4022026,Vanessa,,Cruz,vanessa.cruz@mail.org
67_67399_5136978,T4021681,Allison,,Lopez,allison.lopez@mail.org
67_67399_5136978,T4021687,Ana,Rebecca,Moore,ana.moore@mail.org
67_67399_5136978,T4021695,Angela,,Sanchez,angela.sanchez@mail.org
67_67399_5136978,T4021718,Carlos,,Carter,carlos.carter@mail.org
67_67399_5136978,T4021719,Mikkel,,Roberts,mikkel.roberts@mail.org
67_67399_5136978,T4021720,Carlos,,Gomez,carlos.gomez@mail.org
67_67399_5136978,T4021752,Delfina,,Chavez,delfina.chavez@mail.org
67_67399_5136978,T4021756,Diana,Pamela,Gray,diana.gray@mail.org
67_67399_5136978,T4021761,Douglas,,Alvarez,douglas.alvarez@mail.org
67_67399_5136978,T4021782,Erick,Alfredo,Lara,erick.lara@mail.org
67_67399_5136978,T4021794,Fidel,Enrique,Nunez,fidel.nunez@mail.org
67_67399_5136978,T4021799,Franco,,Navarrete,franco.navarrete@mail.org
67_67399_5136978,T4021809,Gildardo,,Soriano,gildardo.soriano@mail.org
67_67399_5136978,T4021811,Guadalupe,,Beltran,guadalupe.beltran@mail.org
67_67399_5136978,T4021865,Karen,,Vargas,karen.vargas@mail.org
67_67399_5136978,T4021885,Leonel,Angel,Steinmetz,leonel.steinmetz@mail.org
67_67399_5136978,T4021886,Leticia,,Padilla,leticia.padilla@mail.org
67_67399_5136978,T4021893,Liliana,,Aldana,liliana.aldana@mail.org
67_67399_5136978,T4021895,Lillian,Lizette,Centeno,lillian.centeno@mail.org
67_67399_5136978,T4021896,Lionel,Jacob,Rosales,lionel.rosales@mail.org
67_67399_5136978,T4021897,Lisa,Marie,Ashley,lisa.ashley@mail.org
67_67399_5136978,T4021899,Lois,Elaine,Villasenor,lois.villasenor@mail.org
67_67399_5136978,T4021903,Luisa,,Espinoza,luisa.espinoza@mail.org
67_67399_5136978,T4021908,Luz,,Escobar,luz.escobar@mail.org
67_67399_5136978,T4021912,madison,,Fletes,madison.fletes@mail.org
67_67399_5136978,T4021960,Monica,,Tabarez,monica.tabarez@mail.org
67_67399_5136978,T4021990,Robert,,Benitez,robert.benitez@mail.org
67_67399_5136978,T4022013,Sophia,,Chairez,sophia.chairez@mail.org
67_67399_5136978,T4022041,Yolanda,,Espinoza,yolanda.espinoza@mail.org
67_67399_5136978,T4022043,Yulil,,Estrada,yulil.estrada@mail.org
67_67399_5136978,T4022047,Zeltzin,,Fimbres,zeltzin.fimbres@mail.org
67_67399_5136979,T4021673,Adrian,,Brown,adrian.brown@mail.org
67_67399_5136979,T4021683,Alvaro,,Wilson,alvaro.wilson@mail.org
67_67399_5136979,T4021686,Amy,Jaureguizar,Taylor,amy.taylor@mail.org
67_67399_5136979,T4021692,Andrew,,Thompson,andrew.thompson@mail.org
67_67399_5136979,T4021702,Arlette,,Allen,arlette.allen@mail.org
67_67399_5136979,T4021724,Carolina,,Diaz,carolina.diaz@mail.org
67_67399_5136979,T4021727,Cecilia,,Edwards,cecilia.edwards@mail.org
67_67399_5136979,T4021732,Cesar,,Morales,cesar.morales@mail.org
67_67399_5136979,T4021737,Cinthya,Erika,Ortiz,cinthya.ortiz@mail.org
67_67399_5136979,T4021744,Cynthia,,Howard,cynthia.howard@mail.org
67_67399_5136979,T4021747,Daniela,Nayelli,Cox,daniela.cox@mail.org
67_67399_5136979,T4021748,Danny,,Ward,danny.ward@mail.org
67_67399_5136979,T4021754,Denise,,James,denise.james@mail.org
67_67399_5136979,T4021762,Dristay,Jazmyn,Castillo,dristay.castillo@mail.org
67_67399_5136979,T4021767,Elena,,Ross,elena.ross@mail.org
67_67399_5136979,T4021781,Enzo,,Barragan,enzo.barragan@mail.org
67_67399_5136979,T4021786,Eva,,Solano,eva.solano@mail.org
67_67399_5136979,T4021789,Faustino,,Sapari,faustino.sapari@mail.org
67_67399_5136979,T4021795,Fletcher,John,Rosas,fletcher.rosas@mail.org
67_67399_5136979,T4021807,Gerardo,Gaxiola,Esparza,gerardo.esparza@mail.org
67_67399_5136979,T4021911,Macrina,,Garcia,macrina.garcia@mail.org
67_67399_5136979,T4021936,Martha,,Arredondo,martha.arredondo@mail.org
67_67399_5136979,T4021939,Maryann,,Hurtado,maryann.hurtado@mail.org
67_67399_5136979,T4021953,Michael,,Quijano,michael.quijano@mail.org
67_67399_5136979,T4021954,Miguel,,Aguilar,miguel.aguilar@mail.org
67_67399_5136979,T4021965,Nimisha,,Sanchez,nimisha.sanchez@mail.org
67_67399_5136979,T4021972,Pablo,Sergio,Ambriz,pablo.ambriz@mail.org
67_67399_5136979,T4021983,Rafael,,Bailey,rafael.bailey@mail.org
67_67399_5136979,T4021988,Richard,,Bejarano,richard.bejarano@mail.org
67_67399_5136979,T4021994,Rodrigo,,Bonilla,rodrigo.bonilla@mail.org
67_67399_5136979,T4021996,Rosalie,,Bowen,rosalie.bowen@mail.org
67_67399_5136979,T4022003,Sagrario,,Campbell,sagrario.campbell@mail.org
67_67399_5136980,T4021672,Adam,,Williams,adam.williams@mail.org
67_67399_5136980,T4021675,Alegna,Gonzalez,Garcia,alegna.garcia@mail.org
67_67399_5136980,T4021677,Alejandro,,Davis,alejandro.davis@mail.org
67_67399_5136980,T4021679,Alfredo,,Martinez,alfredo.martinez@mail.org
67_67399_5136980,T4021680,Allisha,,Hernandez,allisha.hernandez@mail.org
67_67399_5136980,T4021685,Amanda,,Thomas,amanda.thomas@mail.org
67_67399_5136980,T4021691,Andrew,,Perez,andrew.perez@mail.org
67_67399_5136980,T4021693,Andrew,,White,andrew.white@mail.org
67_67399_5136980,T4021698,Anthony,,Lewis,anthony.lewis@mail.org
67_67399_5136980,T4021699,Araceli,,Robinson,araceli.robinson@mail.org
67_67399_5136980,T4021700,Archer,,Walker,archer.walker@mail.org
67_67399_5136980,T4021701,Argelia,,Young,argelia.young@mail.org
67_67399_5136980,T4021703,Armando,,King,armando.king@mail.org
67_67399_5136980,T4021705,Ashton,,Scott,ashton.scott@mail.org
67_67399_5136980,T4021708,Betty,,Hill,betty.hill@mail.org
67_67399_5136980,T4021712,Brian,,Nelson,brian.nelson@mail.org
67_67399_5136980,T4021714,Carlos,Felipe,Hall,carlos.hall@mail.org
67_67399_5136980,T4021717,Arthur,,Mitchell,arthur.mitchell@mail.org
67_67399_5136980,T4021721,Carmel,Nissila,Phillips,carmel.phillips@mail.org
67_67399_5136980,T4021729,Cecilia,,Reyes,cecilia.reyes@mail.org
67_67399_5136980,T4021731,Celina,,Morris,celina.morris@mail.org
67_67399_5136980,T4021735,Christopher,,Rogers,christopher.rogers@mail.org
67_67399_5136980,T4021740,Claudia,,Peterson,claudia.peterson@mail.org
67_67399_5136980,T4021742,Claudia,,Reed,claudia.reed@mail.org
67_67399_5136980,T4021745,Dalia,mayra,Ramos,dalia.ramos@mail.org
67_67399_5136980,T4021749,Darla,Marian,Richardson,darla.richardson@mail.org
67_67399_5136980,T4021750,David,,Watson,david.watson@mail.org
67_67399_5136980,T4021757,Diana,,Mendoza,diana.mendoza@mail.org
67_67399_5136980,T4021758,Diego,Armando,Ruiz,diego.ruiz@mail.org
67_67399_5136980,T4021759,Dolores,,Hughes,dolores.hughes@mail.org
67_67399_5136980,T4021763,Dulce,Pamela,Sanders,dulce.sanders@mail.org
67_67399_5136980,T4021764,Eddie,,Patel,eddie.patel@mail.org
67_67399_5136980,T4021768,Eliseo,,Foster,eliseo.foster@mail.org
67_67399_5136980,T4021769,Eliza,,Jimenez,eliza.jimenez@mail.org
67_67399_5136980,T4021770,Eliza,,Ayala,eliza.ayala@mail.org
67_67399_5136980,T4021775,Elsa,,Ortega,elsa.ortega@mail.org
67_67399_5136980,T4021779,Enrique,,Teran,enrique.teran@mail.org
67_67399_5136980,T4021780,Enrique,,Briseno,enrique.briseno@mail.org
67_67399_5136980,T4021783,Erika,Lizette,Padulo,erika.padulo@mail.org
67_67399_5136980,T4021788,Evangelina,,Duarte,evangelina.duarte@mail.org
67_67399_5136980,T4021792,Fernando,Emmanuel,Oceguera,fernando.oceguera@mail.org
67_67399_5136980,T4021793,Fernando,,Uribe,fernando.uribe@mail.org
67_67399_5136980,T4021796,Francisca,,Cota,francisca.cota@mail.org
67_67399_5136980,T4021800,Frank,,Dominguez,frank.dominguez@mail.org
67_67399_5136980,T4021801,Gabino,,Saldana,gabino.saldana@mail.org
67_67399_5136980,T4021802,Gabriel,,Montano,gabriel.montano@mail.org
67_67399_5136980,T4021805,Gael,,Reschert,gael.reschert@mail.org
67_67399_5136980,T4021808,Gilberto,,Virgen,gilberto.virgen@mail.org
67_67399_5136980,T4021810,Gloria,Elaine,Cervantes,gloria.cervantes@mail.org
67_67399_5136980,T4021812,Guadalupe,Anaya,Escutia,guadalupe.escutia@mail.org
67_67399_5136980,T4021814,Hector,Daniel,Camacho,hector.camacho@mail.org
67_67399_5136980,T4021819,Hugo,,Gastelum,hugo.gastelum@mail.org
67_67399_5136980,T4021820,Humberto,,Kensler,humberto.kensler@mail.org
67_67399_5136980,T4021825,Iveth,Edith,Medina,iveth.medina@mail.org
67_67399_5136980,T4021826,ivy,Laura,Lappe,ivy.lappe@mail.org
67_67399_5136980,T4021827,James,,Shiffer,james.shiffer@mail.org
67_67399_5136980,T4021828,Jane,,Leon,jane.leon@mail.org
67_67399_5136980,T4021830,Javier,,Cerros,javier.cerros@mail.org
67_67399_5136980,T4021832,Jazmine,,Serna,jazmine.serna@mail.org
67_67399_5136980,T4021836,Jennifer,,Chairez,jennifer.chairez@mail.org
67_67399_5136980,T4021839,Jesus,Manuel,Niebla,jesus.niebla@mail.org
67_67399_5136980,T4021841,Jesus,Manuel,Delgado,jesus.delgado@mail.org
67_67399_5136980,T4021842,Jesus,,Prado,jesus.prado@mail.org
67_67399_5136980,T4021844,Joanna,,Benitez,joanna.benitez@mail.org
67_67399_5136980,T4021845,John,,Robles,john.robles@mail.org
67_67399_5136980,T4021847,Jonathan,,Pena,jonathan.pena@mail.org
67_67399_5136980,T4021850,Jorge,,Noriega,jorge.noriega@mail.org
67_67399_5136980,T4021851,Jorge,Enrique,Armenta,jorge.armenta@mail.org
67_67399_5136980,T4021852,jose,,Roman,jose.roman@mail.org
67_67399_5136980,T4021853,Jose,,Panela,jose.panela@mail.org
67_67399_5136980,T4021854,Jose De Jesus,,Villegas,jose de jesus.villegas@mail.org
67_67399_5136980,T4021855,Joshua,,Villanueva,joshua.villanueva@mail.org
67_67399_5136980,T4021856,Josselle,,Estrada,josselle.estrada@mail.org
67_67399_5136980,T4021858,Johnathan,,Holtry,johnathan.holtry@mail.org
67_67399_5136980,T4021863,Julianna,,Godinez,julianna.godinez@mail.org
67_67399_5136980,T4021864,Julie,,Chew,julie.chew@mail.org
67_67399_5136980,T4021867,Karina,,Velasco,karina.velasco@mail.org
67_67399_5136980,T4021868,Karla,Elizabeth,Zavala,karla.zavala@mail.org
67_67399_5136980,T4021869,Karla,,Ambriz,karla.ambriz@mail.org
67_67399_5136980,T4021871,Katherine,,Zayas,katherine.zayas@mail.org
67_67399_5136980,T4021872,Kathleen,,Lopez,kathleen.lopez@mail.org
67_67399_5136980,T4021873,Keith,,Acevedo,keith.acevedo@mail.org
67_67399_5136980,T4021875,Kevin,,Padilla,kevin.padilla@mail.org
67_67399_5136980,T4021877,Kolby,Jay,Cortez,kolby.cortez@mail.org
67_67399_5136980,T4021879,Larry,,Valdez,larry.valdez@mail.org
67_67399_5136980,T4021880,Laura,,Holloway,laura.holloway@mail.org
67_67399_5136980,T4021890,Liam,,Aguilar,liam.aguilar@mail.org
67_67399_5136980,T4021901,Luis,Bowie,Ortega,luis.ortega@mail.org
67_67399_5136980,T4021902,Luis,,Espinoza,luis.espinoza@mail.org
67_67399_5136980,T4021904,Luka,,Davila,luka.davila@mail.org
67_67399_5136980,T4021909,Luz,,Aguiniga,luz.aguiniga@mail.org
67_67399_5136980,T4021910,Luz,,Martija,luz.martija@mail.org
67_67399_5136980,T4021919,Maria,Alicia,Laurias,maria.laurias@mail.org
67_67399_5136980,T4021923,Maria,,Bonilla,maria.bonilla@mail.org
67_67399_5136980,T4021927,Marilu,,Davies,marilu.davies@mail.org
67_67399_5136980,T4021930,Mario,,Navarro,mario.navarro@mail.org
67_67399_5136980,T4021932,Marisol,,Rendon,marisol.rendon@mail.org
67_67399_5136980,T4021942,Maureen,Alexandra Croak,Borobia,maureen.borobia@mail.org
67_67399_5136980,T4021947,Melissa,,Partida,melissa.partida@mail.org
67_67399_5136980,T4021951,Michael,Anthony,Barrios,michael.barrios@mail.org
67_67399_5136980,T4021952,Michael,Dennis,Herrera,michael.herrera@mail.org
67_67399_5136980,T4021955,Mike,,Quezada,mike.quezada@mail.org
67_67399_5136980,T4021958,Monica,,Pichardo,monica.pichardo@mail.org
67_67399_5136980,T4021967,Norma,,Navarro,norma.navarro@mail.org
67_67399_5136980,T4021970,Oscar,Agustin,Ambriz,oscar.ambriz@mail.org
67_67399_5136980,T4021971,Oscar,,Reeves,oscar.reeves@mail.org
67_67399_5136980,T4021975,Patricia,Diana,Arellano,patricia.arellano@mail.org
67_67399_5136980,T4021979,Perla,,Ashley,perla.ashley@mail.org
67_67399_5136980,T4021985,Raul,Ivan,Barragan,raul.barragan@mail.org
67_67399_5136980,T4021987,Rene,Alejandro,Bautista,rene.bautista@mail.org
67_67399_5136980,T4021991,Robert,,Bennett,robert.bennett@mail.org
67_67399_5136980,T4021992,Roberto,,Bermudez,roberto.bermudez@mail.org
67_67399_5136980,T4021995,Rosa,,Borobia,rosa.borobia@mail.org
67_67399_5136980,T4021997,Rosamaria,,Briseno,rosamaria.briseno@mail.org
67_67399_5136980,T4022000,Ruby,,Calles,ruby.calles@mail.org
67_67399_5136980,T4022004,Samuel,,Campos,samuel.campos@mail.org
67_67399_5136980,T4022008,Shanna,,Castillo,shanna.castillo@mail.org
67_67399_5136980,T4022018,Susana,,Collins,susana.collins@mail.org
67_67399_5136980,T4022020,Teresa,,Cooper,teresa.cooper@mail.org
67_67399_5136980,T4022021,Theo,,Corona,theo.corona@mail.org
67_67399_5136980,T4022022,Tino,,Cortez,tino.cortez@mail.org
67_67399_5136980,T4022023,Tyler,Jonathan,Costa,tyler.costa@mail.org
67_67399_5136980,T4022033,victor,,Dreesen,victor.dreesen@mail.org
67_67399_5136980,T4022034,Victor,,Duarte,victor.duarte@mail.org
67_67399_5136980,T4022036,Viviana,,Escobar,viviana.escobar@mail.org
67_67399_5136980,T4022038,Xavier,,Esparza,xavier.esparza@mail.org
67_67399_5136980,T4022039,Yolanda,,Espino,yolanda.espino@mail.org
67_67399_5136980,T4022042,Yordan,,Esquer,yordan.esquer@mail.org
67_67399_5136980,T4022044,Yvette,,Evans,yvette.evans@mail.org
67_67399_5136981,T4021726,Casey,Bryan,Cruz,casey.cruz@mail.org
67_67399_5136981,T4021771,Elizabeth,,Marquez,elizabeth.marquez@mail.org
67_67399_5136981,T4021777,Elvia,Elena,Rubio,elvia.rubio@mail.org
67_67399_5136981,T4021870,Kate,,Vasquez,kate.vasquez@mail.org
67_67399_5136981,T4021884,Leo,,Costa,leo.costa@mail.org
67_67399_5136981,T4021980,Peter,Carlos,Avina,peter.avina@mail.org
67_67399_5136981,T4022002,ryan,,Camarillo,ryan.camarillo@mail.org
67_67399_5136981,T4022019,Teresa,,Cook,teresa.cook@mail.org